respondent_idx,family_a_rate,family_c_rate,family_b_rate
0,0.0033003300330033004,0.0,
1,0.0,0.0,0.0
2,0.0,0.0,0.0
3,0.0,0.003484320557491289,
4,0.023323615160349854,0.008746355685131196,
5,0.0,0.0,0.0
6,0.0,0.004016064257028112,0.0
7,0.0,0.0,0.0
8,0.0,0.0,0.0
9,0.18032786885245902,0.0,0.0
10,0.0,0.0,0.0
11,0.00819672131147541,0.0,0.0
12,0.0,0.0070921985815602835,
13,0.003355704697986577,0.0,0.0
14,0.0,0.0,0.0
15,0.0,0.0,0.0
16,0.0321285140562249,0.0,0.0
17,0.025157232704402517,0.009433962264150943,
18,0.0,0.0,0.0
19,0.0,0.0,0.0
20,0.013559322033898305,0.03389830508474576,
21,0.0036101083032490976,0.0,0.0
22,0.003952569169960474,0.003952569169960474,0.0
23,0.0,0.0,0.0
24,0.0,0.007462686567164179,
25,0.0,0.0,0.0
26,0.033962264150943396,0.0,
27,0.0,0.0,0.0
28,0.006944444444444444,0.013888888888888888,
29,0.010452961672473868,0.0,
30,0.0,0.0,0.0
31,0.0,0.0,0.0
32,0.0038314176245210726,0.0,
33,0.0,0.0,0.0
34,0.015527950310559006,0.006211180124223602,
35,0.0113314447592068,0.0,0.40226628895184136
36,0.012195121951219513,0.0,0.0
37,0.0,0.0,
38,0.06772908366533864,0.0,0.0
39,0.01532567049808429,0.011494252873563218,
40,0.0,0.0,0.0
41,0.0,0.0,
42,0.0,0.0,
43,0.0,0.0,0.0
44,0.0,0.0,0.0
45,0.0,0.02734375,
46,0.0,0.0,0.0
47,0.0,0.0,
48,0.0,0.0,0.0
49,0.0,0.0,0.0
50,0.0037735849056603774,0.011320754716981131,
51,0.0037735849056603774,0.0,0.0
52,0.033582089552238806,0.007462686567164179,
53,0.0,0.0,0.0
54,0.0,0.034220532319391636,
55,0.21189591078066913,0.05204460966542751,
56,0.013377926421404682,0.010033444816053512,
57,0.0032679738562091504,0.00980392156862745,
58,0.0,0.0,0.0
59,0.003401360544217687,0.0,
60,0.0,0.0,0.0
61,0.15412186379928317,0.05734767025089606,
62,0.0036496350364963502,0.0,0.0
63,0.0,0.0,
64,0.0,0.0,0.0
65,0.16225165562913907,0.009933774834437087,
66,0.014388489208633094,0.014388489208633094,
67,0.00949367088607595,0.0,0.0
68,0.01107011070110701,0.0,0.0
69,0.003663003663003663,0.0,0.0
70,0.041237113402061855,0.0,0.0
71,0.0,0.0,0.0
72,0.01020408163265306,0.003401360544217687,
73,0.055970149253731345,0.0708955223880597,
74,0.0,0.05653710247349823,
75,0.0,0.0,0.0
76,0.006711409395973154,0.02348993288590604,
77,0.003745318352059925,0.0,0.0
78,0.0,0.0,0.0
79,0.01,0.03333333333333333,
80,0.003424657534246575,0.0,0.0
81,0.0539568345323741,0.0,
82,0.1111111111111111,0.027777777777777776,
83,0.04428044280442804,0.01845018450184502,
84,0.0,0.0,0.0
85,0.0,0.0,
86,0.0,0.0,0.0
87,0.0,0.0,0.0
88,0.0,0.0,0.0
89,0.0,0.0,0.0
90,0.0,0.0,0.0
91,0.0,0.0,0.0
92,0.006349206349206349,0.0,0.0
93,0.027586206896551724,0.0,0.0
94,0.0,0.0,0.0
95,0.0,0.0,0.0
96,0.003401360544217687,0.08843537414965986,
97,0.04713804713804714,0.0,0.0
98,0.0,0.0,0.0
99,0.003472222222222222,0.0,0.0
100,0.0,0.0,0.0
101,0.0,0.008064516129032258,
102,0.0,0.0,0.0
103,0.01928374655647383,0.0,0.9173553719008265
104,0.0,0.0,
105,0.0,0.0,0.0
106,0.0,0.0,0.0
107,0.0,0.0033783783783783786,
108,0.043824701195219126,0.0,
109,0.05017921146953405,0.0,0.0
110,0.1124031007751938,0.0,0.0
111,0.0,0.0,0.0
112,0.0034129692832764505,0.0,
113,0.02158273381294964,0.0,0.0
114,0.025280898876404494,0.0,0.7134831460674157
115,0.0,0.0,0.0
116,0.0,0.0,0.0
117,0.013468013468013467,0.0,0.0
118,0.011461318051575931,0.0,0.8624641833810889
119,0.0,0.04150943396226415,
120,0.0,0.0,0.0
121,0.011661807580174927,0.0,0.43440233236151604
122,0.0034965034965034965,0.0,
123,0.022435897435897436,0.01282051282051282,
124,0.17928286852589642,0.05976095617529881,
125,0.0035714285714285713,0.0,0.0
126,0.0,0.0,0.0
127,0.05904059040590406,0.014760147601476014,
128,0.0037735849056603774,0.0,0.0
129,0.055350553505535055,0.0,
130,0.0,0.0,0.0
131,0.11075949367088607,0.0,
132,0.0,0.0,0.0
133,0.0,0.0,
134,0.040145985401459854,0.0036496350364963502,
135,0.0,0.0,0.0
136,0.0,0.0,0.0
137,0.0035087719298245615,0.0035087719298245615,
138,0.0,0.0,
139,0.07196969696969698,0.0,
140,0.06666666666666667,0.003703703703703704,
141,0.0,0.0,0.0
142,0.05223880597014925,0.0,0.0
143,0.015444015444015444,0.0,0.0
144,0.44370860927152317,0.006622516556291391,
145,0.0,0.0,0.0
146,0.03322259136212625,0.0,0.0
147,0.003484320557491289,0.0,0.0
148,0.23076923076923078,0.017482517482517484,
149,0.0,0.0,0.0
150,0.0,0.0,0.0
151,0.0,0.0,0.0
152,0.0,0.0,0.0
153,0.0,0.0,0.0
154,0.0,0.0,0.0
155,0.10891089108910891,0.039603960396039604,
156,0.0,0.0035211267605633804,0.0
157,0.003115264797507788,0.0,0.0
158,0.0,0.0,0.0
159,0.0,0.0,0.0
160,0.0,0.0,0.0
161,0.0,0.0,0.0
162,0.0,0.0,0.0
163,0.023178807947019868,0.0,0.0
164,0.0,0.0,0.0
165,0.0,0.0,0.0
166,0.0,0.0,0.0
167,0.0035587188612099642,0.0,
168,0.05511811023622047,0.0,
169,0.006289308176100629,0.0,0.0
170,0.0,0.0,0.0
171,0.0,0.01098901098901099,
172,0.0,0.0,0.0
173,0.030395136778115502,0.0,0.4133738601823708
174,0.0,0.0,0.0
175,0.028391167192429023,0.006309148264984227,
176,0.0,0.0,0.0
177,0.0,0.0,
178,0.0,0.0,0.0
179,0.045283018867924525,0.0,0.0
180,0.02459016393442623,0.0,0.6939890710382514
181,0.003816793893129771,0.0,0.0
182,0.0,0.0,0.0
183,0.40793201133144474,0.0056657223796034,
184,0.036101083032490974,0.018050541516245487,
185,0.028469750889679714,0.014234875444839857,
186,0.0,0.0,0.0
187,0.007246376811594203,0.0,0.0
188,0.0,0.0,0.0
189,0.0,0.0,0.0
190,0.0,0.0,0.0
191,0.0,0.0,0.0
192,0.0,0.0,0.0
193,0.00625,0.0,0.0
194,0.0,0.0,0.0
195,0.0,0.0,0.0
196,0.07954545454545454,0.015151515151515152,
197,0.0,0.0033444816053511705,0.0
198,0.0,0.0,0.0
199,0.0,0.0,0.0
200,0.007246376811594203,0.0036231884057971015,
201,0.0,0.0,0.0
202,0.0,0.0,0.0
203,0.003134796238244514,0.0,0.0
204,0.013468013468013467,0.0,0.0
205,0.0,0.0,0.0
206,0.06319702602230483,0.0,0.0
207,0.0028011204481792717,0.0,0.0
208,0.0,0.0,0.0
209,0.0,0.0,
210,0.0,0.0,0.0
211,0.0,0.0,0.0
212,0.0058997050147492625,0.0,
213,0.0,0.007380073800738007,
214,0.0912280701754386,0.0035087719298245615,
215,0.0,0.0,0.0
216,0.0,0.0,
217,0.0,0.0,0.0
218,0.0,0.0,0.0
219,0.019867549668874173,0.006622516556291391,
220,0.0032258064516129032,0.0,0.0
221,0.011661807580174927,0.0,0.5072886297376094
222,0.0,0.007633587786259542,
223,0.0,0.0,0.0
224,0.0,0.032,
225,0.0,0.014925373134328358,
226,0.0,0.0,0.0
227,0.0035587188612099642,0.0,0.0
228,0.0035087719298245615,0.0,
229,0.003745318352059925,0.0299625468164794,
230,0.0,0.0,
231,0.17647058823529413,0.01838235294117647,
232,0.0694006309148265,0.07886435331230283,
233,0.0036496350364963502,0.01824817518248175,
234,0.017543859649122806,0.0,0.0
235,0.03383458646616541,0.0,
236,0.0,0.0,0.0
237,0.0,0.0,0.0
238,0.0,0.0,
239,0.010169491525423728,0.0,0.0
240,0.03322259136212625,0.016611295681063124,
241,0.004291845493562232,0.0,0.0
242,0.013468013468013467,0.0,0.0
243,0.017793594306049824,0.0,0.0
244,0.0,0.0,0.0
245,0.026415094339622643,0.0037735849056603774,
246,0.0,0.0,0.0
247,0.0035087719298245615,0.007017543859649123,
248,0.006472491909385114,0.0,0.0
249,0.0,0.0,0.0
250,0.0,0.0,0.0
251,0.0033783783783783786,0.0,0.0
252,0.00390625,0.00390625,
253,0.010958904109589041,0.0,0.8164383561643835
254,0.0035842293906810036,0.0035842293906810036,
255,0.0034602076124567475,0.020761245674740483,
256,0.0,0.0,0.0
257,0.006944444444444444,0.003472222222222222,
258,0.013071895424836602,0.0,0.48366013071895425
259,0.026217228464419477,0.0,
260,0.07473309608540925,0.06405693950177936,
261,0.003194888178913738,0.0,0.0
262,0.20202020202020202,0.026936026936026935,
263,0.0,0.0034482758620689655,
264,0.01928374655647383,0.0,0.9173553719008265
265,0.003278688524590164,0.0,0.0
266,0.003676470588235294,0.0,0.0
267,0.00749063670411985,0.0,
268,0.03202846975088968,0.0498220640569395,
269,0.0,0.0,
270,0.0,0.0,
271,0.0,0.0,0.0
272,0.006872852233676976,0.0,
273,0.0,0.0,0.0
274,0.0,0.0,0.0
275,0.014814814814814815,0.0,0.0
276,0.08135593220338982,0.006779661016949152,
277,0.007547169811320755,0.0,
278,0.05019305019305019,0.023166023166023165,
279,0.0,0.0,0.0
280,0.008097165991902834,0.03643724696356275,
281,0.03018867924528302,0.033962264150943396,
282,0.0,0.0,0.0
283,0.0,0.00392156862745098,
284,0.007575757575757576,0.022727272727272728,
285,0.0,0.0,0.0
286,0.053497942386831275,0.08641975308641975,
287,0.006756756756756757,0.02027027027027027,
288,0.0,0.0,0.0
289,0.0,0.0,0.0
290,0.1810344827586207,0.0,0.004310344827586207
291,0.0,0.0,0.0
292,0.0,0.0,0.0
293,0.0,0.0,0.0
294,0.0,0.0,0.0
295,0.028169014084507043,0.01056338028169014,
296,0.0,0.0035842293906810036,0.0
297,0.25357142857142856,0.017857142857142856,
298,0.0,0.0,0.0
299,0.0,0.0,
300,0.27586206896551724,0.0,0.0
301,0.00392156862745098,0.0,0.0
302,0.06324110671936758,0.003952569169960474,
303,0.003389830508474576,0.0,0.0
304,0.01092896174863388,0.0,0.8661202185792349
305,0.0,0.0,0.0
306,0.0,0.0,
307,0.07857142857142857,0.04285714285714286,
308,0.05019305019305019,0.0,
309,0.09063444108761329,0.08157099697885196,
310,0.04516129032258064,0.0,0.0
311,0.02531645569620253,0.056962025316455694,
312,0.00625,0.0,
313,0.0,0.0,0.0
314,0.0,0.0,0.0
315,0.0,0.0,0.0
316,0.007633587786259542,0.0,
317,0.0,0.0,0.0
318,0.0,0.0,0.0
319,0.0,0.0,0.0
320,0.0,0.0,0.0
321,0.0,0.0,0.0
322,0.003937007874015748,0.003937007874015748,
323,0.0,0.0,0.0
324,0.0,0.0,0.0
325,0.2,0.025396825396825397,
326,0.0072992700729927005,0.01824817518248175,
327,0.0,0.0,0.0
328,0.030418250950570342,0.0,0.0038022813688212928
329,0.045454545454545456,0.01048951048951049,
330,0.0,0.0,0.0
331,0.052805280528052806,0.0165016501650165,
332,0.00980392156862745,0.0,
333,0.028901734104046242,0.0,0.7687861271676301
334,0.0,0.0,0.0
335,0.0,0.046762589928057555,
336,0.0,0.0,0.0
337,0.011494252873563218,0.01532567049808429,
338,0.0,0.0,0.0
339,0.007722007722007722,0.003861003861003861,
340,0.01282051282051282,0.0,0.0
341,0.05241935483870968,0.008064516129032258,
342,0.0,0.0,0.0
343,0.011320754716981131,0.0,
344,0.0033112582781456954,0.0,0.0
345,0.0,0.011194029850746268,
346,0.05338078291814947,0.0035587188612099642,
347,0.0,0.0,0.0
348,0.1553784860557769,0.00398406374501992,
349,0.025547445255474453,0.0,0.0
350,0.0,0.0,
351,0.003937007874015748,0.0,
352,0.0326530612244898,0.0,
353,0.0,0.0,0.0
354,0.0,0.0,0.0
355,0.0,0.0,0.0
356,0.03551912568306011,0.0,0.8333333333333334
357,0.024475524475524476,0.0034965034965034965,0.0034965034965034965
358,0.0,0.0,0.0
359,0.006644518272425249,0.0033222591362126247,
360,0.0,0.0,0.0
361,0.011299435028248588,0.0,0.8389830508474576
362,0.0,0.0,0.0
363,0.010676156583629894,0.0035587188612099642,
364,0.0,0.0,0.0
365,0.0038461538461538464,0.007692307692307693,
366,0.0,0.0,0.0
367,0.10855263157894737,0.0,0.0
368,0.1891025641025641,0.057692307692307696,
369,0.0,0.0,0.0
370,0.0035335689045936395,0.0,0.0
371,0.014084507042253521,0.0,0.7859154929577464
372,0.0,0.0,0.0
373,0.10185185185185185,0.006172839506172839,
374,0.019083969465648856,0.0,0.0
375,0.3633879781420765,0.0,0.0
376,0.007194244604316547,0.0,0.0
377,0.0,0.0,
378,0.014388489208633094,0.0,0.0
379,0.026058631921824105,0.003257328990228013,
380,0.0,0.0,0.0
381,0.0,0.0,0.0
382,0.0038022813688212928,0.0,0.0
383,0.0,0.0,0.0
384,0.0,0.0,0.0
385,0.0,0.0,0.0
386,0.0,0.0,0.0
387,0.03690036900369004,0.0036900369003690036,
388,0.0648854961832061,0.0,0.0
389,0.02346041055718475,0.002932551319648094,0.45161290322580644
390,0.00392156862745098,0.0,0.0
391,0.0,0.0,0.0
392,0.0,0.03636363636363636,
393,0.0,0.0,0.0
394,0.014705882352941176,0.03676470588235294,
395,0.013793103448275862,0.0,0.0
396,0.0,0.0,0.0
397,0.0,0.0,0.0
398,0.08365019011406843,0.0,0.0
399,0.06802721088435375,0.030612244897959183,
400,0.05128205128205128,0.0,0.0
401,0.030716723549488054,0.0,
402,0.014084507042253521,0.0,0.0
403,0.0,0.0,0.0
404,0.0,0.004098360655737705,
405,0.0,0.0,
406,0.0,0.0,0.0
407,0.01092896174863388,0.0,0.8114754098360656
408,0.011976047904191617,0.029940119760479042,
409,0.03767123287671233,0.0,0.0
410,0.0,0.0,
411,0.015873015873015872,0.0,0.0
412,0.08358208955223881,0.0,0.0
413,0.02702702702702703,0.0,0.0
414,0.0,0.0,
415,0.0,0.0,0.0
416,0.0,0.0,0.0
417,0.0,0.0,0.0
418,0.007142857142857143,0.007142857142857143,
419,0.0,0.0,0.0
420,0.010452961672473868,0.006968641114982578,
421,0.0,0.0,0.0
422,0.0,0.0,0.0
423,0.014814814814814815,0.0,0.0
424,0.07575757575757576,0.003787878787878788,
425,0.0,0.0,0.0
426,0.0,0.0,0.0
427,0.034482758620689655,0.006896551724137931,
428,0.0,0.0,
429,0.0,0.0,0.0
430,0.004032258064516129,0.0,0.0
431,0.007722007722007722,0.0,0.0
432,0.12681159420289856,0.025362318840579712,
433,0.013422818791946308,0.0,0.47651006711409394
434,0.0,0.0,0.0
435,0.030303030303030304,0.0,
436,0.0,0.0,0.0
437,0.0,0.0,0.0
438,0.003401360544217687,0.0,0.0
439,0.0037174721189591076,0.0,0.0
440,0.0,0.0,0.0
441,0.0,0.0,0.0
442,0.003663003663003663,0.014652014652014652,
443,0.0,0.0,0.0
444,0.0,0.0,
445,0.0,0.0,0.0
446,0.00967741935483871,0.0,
447,0.009523809523809525,0.0,0.0
448,0.0,0.0,0.0
449,0.0,0.018518518518518517,
450,0.0,0.0,0.0
451,0.09689922480620156,0.015503875968992248,
452,0.10443037974683544,0.015822784810126583,
453,0.0,0.0,0.0
454,0.11073825503355705,0.003355704697986577,
455,0.0,0.007142857142857143,
456,0.018726591760299626,0.011235955056179775,
457,0.00816326530612245,0.0,0.0
458,0.004,0.016,
459,0.0,0.0,0.0
460,0.023346303501945526,0.0038910505836575876,
461,0.022388059701492536,0.0037313432835820895,
462,0.0,0.0,0.0
463,0.0058309037900874635,0.0,0.0
464,0.01092896174863388,0.03278688524590164,0.7704918032786885
465,0.0,0.0,0.0
466,0.0,0.0,0.0
467,0.0,0.0,0.0
468,0.036734693877551024,0.02040816326530612,
469,0.0,0.0,0.0
470,0.0,0.0,0.0
471,0.011299435028248588,0.0,0.748587570621469
472,0.0,0.0,0.0
473,0.015151515151515152,0.003787878787878788,
474,0.04895104895104895,0.0,0.0
475,0.0,0.0,
476,0.0,0.0,0.0
477,0.0,0.0,0.0
478,0.0,0.0,0.0
479,0.0,0.0,0.0
480,0.0,0.0,0.0
481,0.0,0.0,0.0
482,0.0,0.0,0.0
483,0.03802281368821293,0.0,0.0
484,0.03038674033149171,0.0,0.7790055248618785
485,0.009836065573770493,0.003278688524590164,
486,0.0,0.0,0.0
487,0.0,0.0,0.0
488,0.07023411371237458,0.016722408026755852,
489,0.003745318352059925,0.0,0.0
490,0.035842293906810034,0.0931899641577061,
491,0.0,0.0,0.0
492,0.0036231884057971015,0.021739130434782608,
493,0.0,0.0,0.0
494,0.004032258064516129,0.0,0.0
495,0.011583011583011582,0.003861003861003861,
496,0.0,0.0,0.0
497,0.003937007874015748,0.0,0.0
498,0.0,0.026022304832713755,
499,0.0,0.0,0.0
500,0.0,0.0,0.0
501,0.0,0.0,0.0
502,0.006557377049180328,0.0,0.0
503,0.022727272727272728,0.0,0.0
504,0.0,0.0,0.0
505,0.0,0.0,0.0
506,0.0,0.0,0.0
507,0.003389830508474576,0.003389830508474576,
508,0.0,0.0,0.0
509,0.052830188679245285,0.0,0.0
510,0.0030211480362537764,0.0,
511,0.019230769230769232,0.0,0.0
512,0.03389830508474576,0.0,
513,0.0,0.0,
514,0.003952569169960474,0.0,0.0
515,0.0,0.0,0.0
516,0.20238095238095238,0.026785714285714284,
517,0.0,0.0,0.0
518,0.003401360544217687,0.0,
519,0.008298755186721992,0.004149377593360996,
520,0.014598540145985401,0.0,0.0
521,0.0670926517571885,0.012779552715654952,
522,0.007407407407407408,0.014814814814814815,
523,0.01928374655647383,0.0,0.9173553719008265
524,0.055970149253731345,0.007462686567164179,
525,0.0,0.0,0.0
526,0.0,0.0,0.0
527,0.020242914979757085,0.0,0.0
528,0.0,0.0,0.0
529,0.05263157894736842,0.007518796992481203,
530,0.011904761904761904,0.002976190476190476,0.5267857142857143
531,0.0,0.0,0.0
532,0.0,0.0,0.0
533,0.041666666666666664,0.0,0.8472222222222222
534,0.0029940119760479044,0.020958083832335328,
535,0.0071174377224199285,0.07473309608540925,
536,0.15261044176706828,0.004016064257028112,
537,0.0,0.0,0.0
538,0.040892193308550186,0.022304832713754646,
539,0.007547169811320755,0.0037735849056603774,
540,0.003663003663003663,0.014652014652014652,
541,0.026936026936026935,0.010101010101010102,
542,0.03678929765886288,0.0033444816053511705,
543,0.0,0.0,0.0
544,0.011204481792717087,0.0,0.7899159663865546
545,0.0,0.0,0.0
546,0.051470588235294115,0.0,0.0
547,0.0,0.0,0.0
548,0.027210884353741496,0.0,0.0
549,0.0,0.0,0.0
550,0.007042253521126761,0.0,0.352112676056338
551,0.0,0.0,0.0
552,0.0,0.0,0.0
553,0.008403361344537815,0.0,0.7899159663865546
554,0.06744868035190615,0.0,0.0
555,0.0,0.0,0.0
556,0.0,0.0,0.0
557,0.0,0.0,0.0
558,0.0,0.0,0.0
559,0.026615969581749048,0.0,
560,0.0,0.0,0.0
561,0.042801556420233464,0.0,
562,0.0,0.0,0.0
563,0.0,0.0,0.0
564,0.0,0.0,0.0
565,0.003787878787878788,0.0,0.0
566,0.045283018867924525,0.018867924528301886,
567,0.10810810810810811,0.0,0.0
568,0.018691588785046728,0.0,0.4423676012461059
569,0.005934718100890208,0.0,0.0
570,0.02527075812274368,0.018050541516245487,
571,0.0,0.0,0.0
572,0.0,0.0,0.0
573,0.050473186119873815,0.01892744479495268,
574,0.0,0.0,0.0
575,0.0,0.0,0.0
576,0.003676470588235294,0.04044117647058824,
577,0.0,0.0,0.0
578,0.3188854489164087,0.0,0.0
579,0.0,0.0,
580,0.004166666666666667,0.0,0.0
581,0.0,0.0,0.0
582,0.0031645569620253164,0.0,
583,0.003436426116838488,0.0,0.0
584,0.006779661016949152,0.0,0.0
585,0.0,0.0,
586,0.0,0.0037174721189591076,
587,0.006920415224913495,0.02768166089965398,
588,0.026515151515151516,0.0,0.0
589,0.0,0.0,0.0
590,0.0,0.0,0.0
591,0.010380622837370242,0.020761245674740483,
592,0.0,0.0,
593,0.0,0.0,0.0
594,0.0,0.0,0.0
595,0.0,0.0,0.0
596,0.0,0.0,
597,0.025806451612903226,0.0,0.4967741935483871
598,0.003194888178913738,0.019169329073482427,
599,0.0,0.0,0.0
600,0.033846153846153845,0.043076923076923075,
601,0.0,0.0072992700729927005,
602,0.010638297872340425,0.0035460992907801418,
603,0.0,0.0,0.0
604,0.014084507042253521,0.0,0.0
605,0.008287292817679558,0.0,0.8149171270718232
606,0.003401360544217687,0.0,0.0
607,0.01597444089456869,0.0,0.0
608,0.0364963503649635,0.01824817518248175,
609,0.0,0.0,0.0
610,0.0,0.0,0.0
611,0.10526315789473684,0.007017543859649123,
612,0.03501945525291829,0.0,0.0
613,0.003367003367003367,0.0,0.0
614,0.0,0.0,0.0
615,0.0033112582781456954,0.0,
616,0.0625,0.06578947368421052,
617,0.0,0.0,0.0
618,0.0,0.0,0.0
619,0.03424657534246575,0.0,0.0
620,0.0035335689045936395,0.014134275618374558,
621,0.17940199335548174,0.0664451827242525,
622,0.0,0.0,0.0
623,0.003676470588235294,0.04044117647058824,
624,0.0,0.0,0.0
625,0.0,0.0,0.0
626,0.0,0.0,0.0
627,0.15412186379928317,0.0,0.0
628,0.0,0.0,0.0
629,0.05555555555555555,0.003968253968253968,
630,0.0,0.0,0.0
631,0.01509433962264151,0.007547169811320755,
632,0.0,0.0,0.0
633,0.004048582995951417,0.0,0.0
634,0.0,0.007407407407407408,
635,0.0,0.0,0.0
636,0.0,0.0,0.0
637,0.0,0.0,0.0
638,0.003937007874015748,0.007874015748031496,
639,0.0,0.0,0.0
640,0.04044117647058824,0.029411764705882353,
641,0.0,0.0,0.0
642,0.028070175438596492,0.0035087719298245615,
643,0.0110803324099723,0.0,0.8919667590027701
644,0.02666666666666667,0.04,
645,0.0,0.0,0.0
646,0.0,0.0,0.0
647,0.016891891891891893,0.0,0.0
648,0.0034482758620689655,0.0,0.0
649,0.0,0.0,0.0
650,0.0,0.0,0.0
651,0.19202898550724637,0.03260869565217391,
652,0.0,0.0,0.0
653,0.0,0.0,
654,0.0,0.0,0.0
655,0.0,0.0,0.0
656,0.037267080745341616,0.024844720496894408,
657,0.0,0.0,0.0
658,0.0,0.0,0.0
659,0.07806691449814127,0.0037174721189591076,
660,0.0,0.011857707509881422,
661,0.06642066420664207,0.014760147601476014,
662,0.003289473684210526,0.019736842105263157,
663,0.02280130293159609,0.0,0.4820846905537459
664,0.0673758865248227,0.010638297872340425,
665,0.0,0.0,0.0
666,0.01509433962264151,0.026415094339622643,
667,0.025477707006369428,0.0,
668,0.0,0.0,0.0
669,0.0,0.0,0.0
670,0.012461059190031152,0.006230529595015576,
671,0.0,0.0,0.0
672,0.0,0.0,0.0
673,0.0,0.0,0.0
674,0.012618296529968454,0.0,0.47318611987381703
675,0.003105590062111801,0.0,0.0
676,0.0,0.0,0.0
677,0.0034602076124567475,0.0,0.0
678,0.0,0.0,0.0
679,0.0,0.0,0.0
680,0.0,0.0,0.0
681,0.010344827586206896,0.0,
682,0.0,0.0,0.0
683,0.019390581717451522,0.0,0.5290858725761773
684,0.0,0.0,
685,0.0,0.0,0.0
686,0.007168458781362007,0.0,0.0
687,0.0,0.0,0.0
688,0.0,0.0,0.0
689,0.0,0.0,0.0
690,0.0,0.0,0.0
691,0.011627906976744186,0.0,0.7674418604651163
692,0.0196078431372549,0.0196078431372549,
693,0.02909090909090909,0.0,0.0
694,0.01845018450184502,0.0,0.0
695,0.010033444816053512,0.05351170568561873,
696,0.003246753246753247,0.01948051948051948,
697,0.0,0.0,0.0
698,0.0,0.0,0.0
699,0.0,0.0,0.0
700,0.0,0.0,0.0
701,0.006153846153846154,0.0,0.3046153846153846
702,0.0,0.0,0.0
703,0.0,0.010714285714285714,
704,0.0,0.0,0.0
705,0.0,0.0,0.0
706,0.003484320557491289,0.0,0.0
707,0.0,0.0,0.0
708,0.008547008547008548,0.0,0.0
709,0.0,0.0,0.0
710,0.0,0.0,0.0
711,0.0,0.0,0.0
712,0.006211180124223602,0.003105590062111801,
713,0.06521739130434782,0.05434782608695652,
714,0.0,0.0,0.0
715,0.0,0.0,0.0
716,0.06020066889632107,0.006688963210702341,
717,0.04436860068259386,0.0,0.0
718,0.0,0.0,0.0
719,0.0,0.0,0.0
720,0.0,0.0,0.0
721,0.0,0.0,0.0
722,0.06688963210702341,0.006688963210702341,
723,0.007326007326007326,0.0,0.0
724,0.0,0.0,0.0
725,0.011560693641618497,0.0,0.8034682080924855
726,0.011049723756906077,0.0,0.8121546961325967
727,0.045112781954887216,0.007518796992481203,
728,0.003816793893129771,0.007633587786259542,
729,0.0,0.0,0.0
730,0.00390625,0.0,0.0
731,0.04983388704318937,0.0,0.0
732,0.0,0.0,0.0
733,0.0034965034965034965,0.0,0.0
734,0.0,0.0,0.0
735,0.2716417910447761,0.0,0.023880597014925373
736,0.03481012658227848,0.0,0.6645569620253164
737,0.0,0.0,0.0
738,0.014545454545454545,0.0036363636363636364,
739,0.06808510638297872,0.00425531914893617,
740,0.0,0.0,0.0
741,0.02416918429003021,0.0,0.5619335347432024
742,0.03611111111111111,0.0,0.8472222222222222
743,0.0038022813688212928,0.0,0.0
744,0.0,0.0,0.0
745,0.0,0.003703703703703704,
746,0.0,0.0,0.0
747,0.0,0.0038022813688212928,0.0
748,0.0,0.0,0.0
749,0.0,0.0,0.0
750,0.0,0.0,0.0
751,0.0,0.003355704697986577,
752,0.00390625,0.0,0.0
753,0.0036101083032490976,0.0,0.0
754,0.0,0.0035842293906810036,
755,0.019390581717451522,0.0,0.8808864265927978
756,0.0,0.0,0.0
757,0.031914893617021274,0.06028368794326241,
758,0.0,0.0,0.0
759,0.02197802197802198,0.0,0.0
760,0.05017921146953405,0.017921146953405017,
761,0.09541984732824428,0.061068702290076333,
762,0.09818181818181818,0.06545454545454546,
763,0.0,0.0034129692832764505,
764,0.006896551724137931,0.0,
765,0.0,0.0,0.0
766,0.010309278350515464,0.0,0.0
767,0.0,0.0,0.0
768,0.0,0.0,0.0
769,0.006896551724137931,0.0,0.0
770,0.003424657534246575,0.00684931506849315,
771,0.0036900369003690036,0.0,
772,0.03333333333333333,0.0,
773,0.0,0.0,0.0
774,0.0,0.0,0.0
775,0.0,0.0,0.0
776,0.0,0.0,0.0
777,0.012048192771084338,0.020080321285140562,
778,0.006825938566552901,0.0,0.0
779,0.04126984126984127,0.0,0.0
780,0.041379310344827586,0.02413793103448276,
781,0.0,0.0,0.0
782,0.003663003663003663,0.0,0.0
783,0.0,0.0,
784,0.0,0.0,0.0
785,0.003875968992248062,0.0,0.0
786,0.0,0.0,0.0
787,0.0,0.0,0.0
788,0.0033112582781456954,0.0,0.0
789,0.06790123456790123,0.0,
790,0.025179856115107913,0.0,
791,0.01444043321299639,0.036101083032490974,
792,0.0,0.0,0.0
793,0.007067137809187279,0.0176678445229682,
794,0.006968641114982578,0.0,0.0
795,0.028688524590163935,0.004098360655737705,
796,0.014388489208633094,0.0,0.0
797,0.003003003003003003,0.0,
798,0.010869565217391304,0.0,0.7989130434782609
799,0.0034602076124567475,0.0034602076124567475,
800,0.0,0.0,
801,0.0,0.0,0.0
802,0.007142857142857143,0.0,0.0
803,0.0,0.0,0.0
804,0.012422360248447204,0.0,0.531055900621118
805,0.13432835820895522,0.011194029850746268,
806,0.007575757575757576,0.003787878787878788,
807,0.0,0.0,
808,0.0,0.0,0.0
809,0.05303030303030303,0.007575757575757576,
810,0.0,0.0,0.0
811,0.00749063670411985,0.0,0.0
812,0.003663003663003663,0.0,0.0
813,0.0,0.0,0.0
814,0.017006802721088437,0.0,0.0
815,0.1320754716981132,0.026415094339622643,
816,0.0,0.0,
817,0.09649122807017543,0.023391812865497075,
818,0.0078125,0.0078125,
819,0.0,0.0,
820,0.007380073800738007,0.0,0.0
821,0.0,0.0,0.0
822,0.027777777777777776,0.003968253968253968,
823,0.03594771241830065,0.013071895424836602,
824,0.0,0.0,0.0
825,0.0,0.0,0.0
826,0.0,0.0,0.0
827,0.0,0.0,0.0
828,0.033582089552238806,0.0037313432835820895,
829,0.0,0.0,0.0
830,0.007067137809187279,0.0,0.0
831,0.0,0.0,
832,0.0,0.0,0.0
833,0.006622516556291391,0.0,0.0
834,0.0,0.0,
835,0.003278688524590164,0.0,0.0
836,0.0,0.0,
837,0.4086687306501548,0.02786377708978328,
838,0.0,0.0,
839,0.0,0.0,0.0
840,0.0044444444444444444,0.0,0.0
841,0.0,0.0,0.0
842,0.08191126279863481,0.040955631399317405,
843,0.03543307086614173,0.0,
844,0.0,0.0,0.0
845,0.007662835249042145,0.0,0.0
846,0.1422924901185771,0.02766798418972332,
847,0.0,0.0,0.0
848,0.07586206896551724,0.0,0.0
849,0.007518796992481203,0.0037593984962406013,
850,0.0,0.0,
851,0.010309278350515464,0.020618556701030927,
852,0.03194888178913738,0.0,0.670926517571885
853,0.08480565371024736,0.0,
854,0.0379746835443038,0.0,0.0
855,0.011111111111111112,0.0,0.8222222222222222
856,0.0035335689045936395,0.0,
857,0.0,0.0,0.0
858,0.0,0.0,
859,0.05639097744360902,0.011278195488721804,
860,0.07744107744107744,0.06060606060606061,
861,0.006993006993006993,0.0,0.3531468531468531
862,0.0,0.0037593984962406013,
863,0.0,0.0,
864,0.024096385542168676,0.0,0.3132530120481928
865,0.0,0.0,0.0
866,0.025806451612903226,0.0,0.33548387096774196
867,0.0,0.0,0.0
868,0.0,0.0033112582781456954,0.0
869,0.0,0.0031545741324921135,
870,0.0,0.0,
871,0.04132231404958678,0.0,0.8402203856749312
872,0.0,0.003436426116838488,
873,0.0,0.0,0.0
874,0.01092896174863388,0.0,0.8961748633879781
875,0.16104868913857678,0.026217228464419477,
876,0.003875968992248062,0.0,0.0
877,0.018796992481203006,0.007518796992481203,
878,0.0,0.0,0.0
879,0.0,0.0035842293906810036,0.0
880,0.0,0.0,0.0
881,0.003194888178913738,0.0,0.0
882,0.0,0.0,
883,0.046511627906976744,0.0,0.0
884,0.0040650406504065045,0.0,0.0
885,0.024691358024691357,0.05555555555555555,
886,0.0,0.0,0.0
887,0.0032258064516129032,0.041935483870967745,
888,0.030821917808219176,0.03424657534246575,
889,0.0,0.0,
890,0.006557377049180328,0.01639344262295082,
891,0.0,0.0,0.0
892,0.0,0.0,0.0
893,0.0,0.003861003861003861,
894,0.010033444816053512,0.0,0.0
895,0.0,0.0,0.0
896,0.033582089552238806,0.0,
897,0.012195121951219513,0.0,
898,0.0,0.0,0.0
899,0.024054982817869417,0.0,0.0
900,0.0035211267605633804,0.01056338028169014,
901,0.0,0.0,0.0
902,0.0,0.0,0.0
903,0.0,0.0,0.0
904,0.0036231884057971015,0.0,0.0
905,0.0,0.0,
906,0.011194029850746268,0.0037313432835820895,
907,0.0,0.0,0.0
908,0.04797047970479705,0.014760147601476014,
909,0.0036496350364963502,0.0036496350364963502,
910,0.00392156862745098,0.0392156862745098,
911,0.0,0.0,0.0
912,0.0,0.0,0.0
913,0.0,0.0,0.0
914,0.19571865443425077,0.0,0.3180428134556575
915,0.007547169811320755,0.007547169811320755,
916,0.003289473684210526,0.006578947368421052,
917,0.0,0.0,
918,0.0,0.0,0.0
919,0.0,0.0,0.0
920,0.0,0.0,0.0
921,0.171875,0.0,0.0
922,0.0,0.003968253968253968,
923,0.0034965034965034965,0.0,0.0
924,0.012987012987012988,0.0,0.0
925,0.023255813953488372,0.0,0.5406976744186046
926,0.0076045627376425855,0.0,0.0
927,0.0,0.0,0.0
928,0.0032679738562091504,0.0,0.0
929,0.0,0.0,0.0
930,0.11678832116788321,0.0036496350364963502,
931,0.0,0.0,0.0
932,0.0,0.0,0.0
933,0.0,0.006472491909385114,
934,0.0,0.0035714285714285713,
935,0.06319702602230483,0.007434944237918215,
936,0.043795620437956206,0.0072992700729927005,
937,0.009836065573770493,0.009836065573770493,
938,0.0,0.0,0.0
939,0.029411764705882353,0.0,0.0
940,0.0,0.0,
941,0.0,0.0,
942,0.003937007874015748,0.0,0.0
943,0.0,0.0,0.0
944,0.0034602076124567475,0.006920415224913495,
945,0.0,0.0,0.0
946,0.006993006993006993,0.024475524475524476,
947,0.09508196721311475,0.009836065573770493,
948,0.01875,0.0,0.0
949,0.0,0.003816793893129771,
950,0.0,0.01444043321299639,
951,0.21910112359550563,0.019662921348314606,
952,0.007352941176470588,0.007352941176470588,
953,0.0,0.0,0.0
954,0.01845018450184502,0.0,0.0
955,0.0,0.0,0.0
956,0.029585798816568046,0.0,0.621301775147929
957,0.0,0.0,0.0
958,0.0,0.0,0.0
959,0.0,0.0,0.0
960,0.025396825396825397,0.0,0.5746031746031746
961,0.0035842293906810036,0.0,0.0
962,0.07755102040816327,0.0,0.0
963,0.0032679738562091504,0.006535947712418301,
964,0.0,0.0,0.0
965,0.0038314176245210726,0.0,0.0
966,0.0,0.016260162601626018,
967,0.02142857142857143,0.06428571428571428,
968,0.018115942028985508,0.0036231884057971015,
969,0.014245014245014245,0.0,0.7948717948717948
970,0.0,0.0,0.0
971,0.07692307692307693,0.007326007326007326,
972,0.0,0.0,0.0
973,0.0,0.0,
974,0.027874564459930314,0.08362369337979095,
975,0.0,0.0,0.0
976,0.0071174377224199285,0.02491103202846975,
977,0.10385756676557864,0.032640949554896145,
978,0.03459119496855346,0.0,0.660377358490566
979,0.0,0.0,0.0
980,0.03551912568306011,0.0,0.8333333333333334
981,0.0,0.009771986970684038,
982,0.4346153846153846,0.0038461538461538464,
983,0.0,0.0,0.0
984,0.010452961672473868,0.0,
985,0.0,0.0,0.0
986,0.0,0.0,0.0
987,0.0,0.0034129692832764505,0.0
988,0.0,0.0,0.0
989,0.00425531914893617,0.00425531914893617,
990,0.30158730158730157,0.012698412698412698,
991,0.0,0.0,0.0
992,0.0,0.0,0.0
993,0.0,0.0,0.0
994,0.0,0.0,0.0
995,0.0,0.0,0.0
996,0.06642066420664207,0.014760147601476014,
997,0.029411764705882353,0.0,0.0
998,0.08928571428571429,0.0035714285714285713,
999,0.0,0.0,0.0
1000,0.0,0.0,0.0
1001,0.0,0.003236245954692557,
1002,0.0,0.0,0.0
1003,0.0,0.0,0.0
1004,0.0,0.0,0.0
1005,0.0,0.0,0.0
1006,0.0,0.0,0.0
1007,0.0,0.0,0.0
1008,0.0,0.003257328990228013,
1009,0.011904761904761904,0.0,0.0
1010,0.0,0.0,0.0
1011,0.0,0.0,0.0
1012,0.0,0.0,
1013,0.0,0.0,0.0
1014,0.014005602240896359,0.0,0.7815126050420168
1015,0.0,0.0,0.0
1016,0.0035460992907801418,0.0,0.0
1017,0.0,0.0,0.0
1018,0.0,0.0,0.0
1019,0.0,0.0,
1020,0.04316546762589928,0.0,0.0
1021,0.036585365853658534,0.012195121951219513,
1022,0.0,0.0,0.0
1023,0.032467532467532464,0.06818181818181818,
1024,0.0,0.0,0.0
1025,0.013422818791946308,0.020134228187919462,
1026,0.00398406374501992,0.0,0.0
1027,0.0,0.003787878787878788,
1028,0.0,0.0,0.0
1029,0.0,0.04365079365079365,
1030,0.0,0.0,0.0
1031,0.0,0.0,0.0
1032,0.0064516129032258064,0.0,0.0
1033,0.003676470588235294,0.003676470588235294,
1034,0.05245901639344262,0.0,0.06557377049180328
1035,0.04580152671755725,0.0,
1036,0.022641509433962263,0.06037735849056604,
1037,0.020289855072463767,0.0,0.7942028985507247
1038,0.015267175572519083,0.0,
1039,0.0,0.013793103448275862,
1040,0.06204379562043796,0.0,
1041,0.06593406593406594,0.007326007326007326,
1042,0.0,0.0,0.0
1043,0.035398230088495575,0.0,0.7197640117994101
1044,0.0,0.04895104895104895,
1045,0.0,0.0,
1046,0.0,0.0,0.0
1047,0.011695906432748537,0.0,0.6345029239766082
1048,0.0,0.0,0.0
1049,0.0,0.0,0.0
1050,0.006535947712418301,0.0032679738562091504,
1051,0.0,0.0,0.0
1052,0.007272727272727273,0.0,0.0
1053,0.017482517482517484,0.0,0.0
1054,0.018867924528301886,0.0,0.0
1055,0.0035714285714285713,0.039285714285714285,
1056,0.006896551724137931,0.0,0.0
1057,0.0,0.0,0.0
1058,0.0,0.0,0.0
1059,0.10153846153846154,0.06461538461538462,
1060,0.075,0.0,0.0
1061,0.01171875,0.0,
1062,0.03514376996805112,0.0,0.670926517571885
1063,0.012345679012345678,0.00823045267489712,
1064,0.011583011583011582,0.03474903474903475,
1065,0.0,0.0,
1066,0.009900990099009901,0.0,0.0
1067,0.03058103975535168,0.0,0.5535168195718655
1068,0.0,0.053763440860215055,
1069,0.017921146953405017,0.0,0.0
1070,0.02572347266881029,0.0,0.49517684887459806
1071,0.0,0.0,0.0
1072,0.0,0.0,
1073,0.0,0.0,0.0
1074,0.27102803738317754,0.03426791277258567,
1075,0.0,0.0,0.0
1076,0.0,0.00392156862745098,
1077,0.0,0.0,0.0
1078,0.0,0.0,0.0
1079,0.0033222591362126247,0.019933554817275746,
1080,0.04416403785488959,0.0,
1081,0.0,0.0,0.0
1082,0.0,0.0,0.0
1083,0.0,0.0,0.0
1084,0.0,0.0,0.0
1085,0.0036231884057971015,0.0,0.0
1086,0.2283464566929134,0.01968503937007874,
1087,0.0,0.0,0.0
1088,0.04794520547945205,0.0,0.0
1089,0.0,0.0,0.0
1090,0.0,0.0,0.0
1091,0.0,0.0,0.0
1092,0.0,0.0,0.0
1093,0.0,0.0,
1094,0.07894736842105263,0.07894736842105263,
1095,0.0,0.0,0.0
1096,0.0,0.0,0.0
1097,0.004424778761061947,0.008849557522123894,
1098,0.03508771929824561,0.02456140350877193,
1099,0.0037593984962406013,0.007518796992481203,
1100,0.0038461538461538464,0.007692307692307693,
1101,0.0,0.0,0.0
1102,0.0,0.0,
1103,0.0,0.0,0.0
1104,0.0,0.0,0.0
1105,0.02821316614420063,0.0,0.4827586206896552
1106,0.0,0.0,0.0
1107,0.014619883040935672,0.0,0.4152046783625731
1108,0.0,0.0,0.0
1109,0.0036496350364963502,0.0,0.0
1110,0.025,0.007142857142857143,
1111,0.011194029850746268,0.033582089552238806,
1112,0.0,0.0,0.0
1113,0.0196078431372549,0.032679738562091505,
1114,0.0,0.0,0.0
1115,0.0,0.0,0.0
1116,0.06015037593984962,0.0,0.0
1117,0.0,0.0,0.0
1118,0.036,0.0,0.0
1119,0.0,0.0,0.0
1120,0.003787878787878788,0.0,0.0
1121,0.006578947368421052,0.0,0.0
1122,0.0,0.0,0.0
1123,0.0,0.030716723549488054,
1124,0.003703703703703704,0.0,0.0
1125,0.01607717041800643,0.0,0.3311897106109325
1126,0.0,0.010948905109489052,
1127,0.0,0.0,0.0
1128,0.0,0.0,0.0
1129,0.0,0.0,0.0
1130,0.0036101083032490976,0.0,0.0
1131,0.003205128205128205,0.016025641025641024,
1132,0.01079136690647482,0.0035971223021582736,
1133,0.003472222222222222,0.0,0.0
1134,0.0,0.0,0.0
1135,0.0,0.0,0.0
1136,0.025477707006369428,0.009554140127388535,
1137,0.0,0.0,0.0
1138,0.0034482758620689655,0.0,0.0
1139,0.0,0.0036231884057971015,
1140,0.003236245954692557,0.0,0.0
1141,0.0,0.0,0.0
1142,0.07336956521739131,0.0,0.8288043478260869
1143,0.0,0.0,0.0
1144,0.0035842293906810036,0.0,0.0
1145,0.1223021582733813,0.02158273381294964,
1146,0.007905138339920948,0.007905138339920948,
1147,0.013812154696132596,0.0,0.8121546961325967
1148,0.0,0.010752688172043012,
1149,0.011111111111111112,0.022222222222222223,
1150,0.0,0.0,0.0
1151,0.013333333333333334,0.0033333333333333335,
1152,0.0031847133757961785,0.022292993630573247,
1153,0.0,0.0038314176245210726,0.0
1154,0.0071174377224199285,0.0035587188612099642,
1155,0.0,0.006535947712418301,
1156,0.006993006993006993,0.0,0.0
1157,0.011527377521613832,0.0,0.8126801152737753
1158,0.0,0.024615384615384615,
1159,0.016666666666666666,0.0,0.0
1160,0.0,0.0,0.0
1161,0.0,0.0,0.0
1162,0.10780669144981413,0.007434944237918215,
1163,0.0,0.0,
1164,0.0,0.0,0.0
1165,0.046762589928057555,0.0,0.0
1166,0.0,0.0,0.0
1167,0.0,0.0,0.0
1168,0.007142857142857143,0.0,0.0
1169,0.0,0.0,0.0
1170,0.023809523809523808,0.0,
1171,0.006944444444444444,0.0,0.0
1172,0.028985507246376812,0.0,0.6086956521739131
1173,0.0,0.0,0.0
1174,0.0438871473354232,0.006269592476489028,
1175,0.0,0.0,0.0
1176,0.0,0.0,0.0
1177,0.0,0.008264462809917356,
1178,0.03184713375796178,0.0,0.6687898089171974
1179,0.0035971223021582736,0.0035971223021582736,
1180,0.0,0.0,0.0
1181,0.003436426116838488,0.0,0.0
1182,0.00980392156862745,0.0032679738562091504,
1183,0.0035211267605633804,0.0035211267605633804,0.0
1184,0.0,0.0037313432835820895,
1185,0.0,0.0,0.0
1186,0.08532423208191127,0.030716723549488054,
1187,0.0,0.0,0.0
1188,0.006578947368421052,0.0,0.0
1189,0.0,0.0,0.0
1190,0.0,0.0,0.0
1191,0.0,0.0,0.0
1192,0.0,0.0,0.0
1193,0.0,0.0,0.0
1194,0.0,0.0,0.0
1195,0.003076923076923077,0.0,0.0
1196,0.0,0.0,0.0
1197,0.0,0.0,0.0
1198,0.0622568093385214,0.01556420233463035,
1199,0.0,0.0,0.0
1200,0.011111111111111112,0.0,0.0
1201,0.00392156862745098,0.0,0.0
1202,0.0,0.0,0.0
1203,0.03496503496503497,0.0034965034965034965,
1204,0.010380622837370242,0.0,0.0
1205,0.0,0.0,0.0
1206,0.007352941176470588,0.022058823529411766,
1207,0.09846153846153846,0.012307692307692308,
1208,0.01838235294117647,0.0,0.0
1209,0.0299625468164794,0.0,0.0
1210,0.0,0.006968641114982578,
1211,0.0,0.0,0.0
1212,0.0196078431372549,0.011764705882352941,
1213,0.0,0.0,
1214,0.0,0.012861736334405145,
1215,0.0,0.0,0.0
1216,0.0,0.0,0.0
1217,0.0,0.0037593984962406013,
1218,0.0,0.0,0.0
1219,0.007905138339920948,0.0,
1220,0.0033444816053511705,0.0,0.0
1221,0.0,0.0,0.0
1222,0.0,0.0,
1223,0.03875968992248062,0.003875968992248062,0.0
1224,0.0035460992907801418,0.0,0.0
1225,0.003861003861003861,0.003861003861003861,
1226,0.003676470588235294,0.0,0.0
1227,0.010948905109489052,0.0,0.0
1228,0.0,0.0,0.0
1229,0.16806722689075632,0.0,0.5434173669467787
1230,0.0035087719298245615,0.0,0.0
1231,0.0,0.0,0.0
1232,0.0,0.0,0.0
1233,0.025925925925925925,0.0,0.0
1234,0.003389830508474576,0.0,
1235,0.012944983818770227,0.0,0.459546925566343
1236,0.006944444444444444,0.0,0.0
1237,0.0,0.0,0.0
1238,0.0,0.0,0.0
1239,0.0,0.0,
1240,0.012861736334405145,0.0,0.0
1241,0.0,0.0036231884057971015,
1242,0.0,0.0,0.0
1243,0.0,0.0,0.0
1244,0.0,0.0,
1245,0.0,0.0,0.0
1246,0.07984790874524715,0.045627376425855515,
1247,0.0,0.0,0.0
1248,0.024305555555555556,0.0,
1249,0.045283018867924525,0.045283018867924525,
1250,0.11070110701107011,0.014760147601476014,
1251,0.003067484662576687,0.0,0.0
1252,0.0,0.0,0.0
1253,0.0,0.0,0.0
1254,0.024054982817869417,0.003436426116838488,
1255,0.0030864197530864196,0.0,0.0
1256,0.0,0.010309278350515464,
1257,0.038461538461538464,0.007692307692307693,
1258,0.019230769230769232,0.0,0.0
1259,0.0034965034965034965,0.0,
1260,0.0,0.0,0.0
1261,0.0038314176245210726,0.0,0.0
1262,0.0,0.0,
1263,0.05860805860805861,0.0,
1264,0.018292682926829267,0.0,
1265,0.0,0.0,0.0
1266,0.11952191235059761,0.00398406374501992,
1267,0.0,0.0,0.0
1268,0.003389830508474576,0.0,0.0
1269,0.0,0.007575757575757576,
1270,0.0,0.0,0.0
1271,0.0,0.0,0.0
1272,0.014164305949008499,0.0,0.7393767705382436
1273,0.0,0.0,
1274,0.0037313432835820895,0.0,0.0
1275,0.0,0.0,0.0
1276,0.0,0.0,0.0
1277,0.0,0.0,0.0
1278,0.007194244604316547,0.0,
1279,0.3783783783783784,0.021021021021021023,
1280,0.046762589928057555,0.014388489208633094,
1281,0.017985611510791366,0.014388489208633094,
1282,0.0,0.0,0.0
1283,0.0,0.0,0.0
1284,0.0,0.0,0.0
1285,0.0,0.03333333333333333,
1286,0.0033333333333333335,0.0,0.0
1287,0.0,0.0,0.0
1288,0.027210884353741496,0.06802721088435375,
1289,0.014925373134328358,0.0,0.8328358208955224
1290,0.0,0.0,0.0
1291,0.0299625468164794,0.04868913857677903,
1292,0.01893939393939394,0.0,0.0
1293,0.0,0.0,0.0
1294,0.0,0.0,0.0
1295,0.0,0.01838235294117647,
1296,0.011976047904191617,0.0,0.5269461077844312
1297,0.0037313432835820895,0.0,0.0
1298,0.023178807947019868,0.0,0.0
1299,0.0035087719298245615,0.0,0.0
1300,0.0,0.0,0.0
1301,0.0033333333333333335,0.0,0.0
1302,0.0,0.0,0.0
1303,0.022857142857142857,0.0,0.38857142857142857
1304,0.0035335689045936395,0.0,
1305,0.0,0.0,0.0
1306,0.0,0.0,0.0
1307,0.04395604395604396,0.0,0.0
1308,0.009966777408637873,0.0,
1309,0.0033003300330033004,0.0,0.0
1310,0.01048951048951049,0.0034965034965034965,
1311,0.0,0.0,
1312,0.0,0.0,0.0
1313,0.0,0.0,
1314,0.041353383458646614,0.0,0.0
1315,0.05084745762711865,0.00423728813559322,
1316,0.017804154302670624,0.0,0.6439169139465876
1317,0.017421602787456445,0.0,0.0
1318,0.06374501992031872,0.0,0.0
1319,0.0034482758620689655,0.0,0.0
1320,0.00398406374501992,0.0,0.0
1321,0.0033112582781456954,0.0,0.0
1322,0.0,0.0,0.0
1323,0.0,0.0,
1324,0.0353356890459364,0.0,
1325,0.0,0.0,0.0
1326,0.0199203187250996,0.0,0.0
1327,0.016666666666666666,0.0,0.825
1328,0.0,0.0,0.0
1329,0.0,0.0,0.0
1330,0.0,0.0,0.0
1331,0.0,0.0,0.0
1332,0.003663003663003663,0.040293040293040296,
1333,0.003484320557491289,0.0,0.0
1334,0.402555910543131,0.006389776357827476,
1335,0.2492753623188406,0.0,0.4289855072463768
1336,0.0,0.0,0.0
1337,0.0,0.0,0.0
1338,0.017123287671232876,0.0,0.0
1339,0.0,0.0,0.0
1340,0.0297029702970297,0.0,0.0
1341,0.01079136690647482,0.0,
1342,0.0,0.0,0.0
1343,0.11627906976744186,0.07364341085271318,
1344,0.0,0.0,0.0
1345,0.0,0.0,0.0
1346,0.036011080332409975,0.0,0.8947368421052632
1347,0.0,0.0,0.0
1348,0.0,0.0,0.0
1349,0.03283582089552239,0.0,0.6268656716417911
1350,0.10266159695817491,0.0,
1351,0.0,0.0,0.0
1352,0.0,0.0,0.0
1353,0.0,0.0,0.0
1354,0.0071174377224199285,0.05693950177935943,
1355,0.013927576601671309,0.0,0.7632311977715878
1356,0.0036101083032490976,0.0,0.0
1357,0.0220125786163522,0.0,
1358,0.0,0.0,0.0
1359,0.0,0.0,0.0
1360,0.0,0.0,0.0
1361,0.023972602739726026,0.0,
1362,0.01556420233463035,0.0,0.0
1363,0.0035460992907801418,0.0,0.0
1364,0.0,0.0,0.0
1365,0.0,0.0,0.0
1366,0.0,0.0,0.0
1367,0.0035460992907801418,0.0,0.0
1368,0.0,0.0,0.0
1369,0.07621951219512195,0.03353658536585366,
1370,0.0,0.007434944237918215,
1371,0.0,0.0,0.0
1372,0.011494252873563218,0.01532567049808429,
1373,0.0,0.0,0.0
1374,0.07116104868913857,0.0149812734082397,
1375,0.0,0.0,0.0
1376,0.0,0.0,
1377,0.0,0.0,0.0
1378,0.007518796992481203,0.0,0.0
1379,0.006802721088435374,0.0,0.0
1380,0.0,0.0,0.0
1381,0.026022304832713755,0.0,
1382,0.0,0.0,0.0
1383,0.05394190871369295,0.016597510373443983,
1384,0.0,0.0,0.0
1385,0.11864406779661017,0.013559322033898305,
1386,0.013559322033898305,0.0,
1387,0.038348082595870206,0.017699115044247787,
1388,0.08275862068965517,0.0,0.0
1389,0.0033003300330033004,0.0,0.0
1390,0.017605633802816902,0.0,0.0
1391,0.0,0.0032258064516129032,
1392,0.4884393063583815,0.057803468208092484,
1393,0.0,0.0,0.0
1394,0.034482758620689655,0.01567398119122257,
1395,0.090625,0.003125,
1396,0.0,0.010238907849829351,
1397,0.003703703703703704,0.022222222222222223,
1398,0.0,0.007722007722007722,
1399,0.0,0.0,
1400,0.127208480565371,0.0176678445229682,
1401,0.010101010101010102,0.003367003367003367,
1402,0.0,0.0,0.0
1403,0.03146853146853147,0.0,0.0
1404,0.0,0.0038910505836575876,
1405,0.0,0.0,0.0
1406,0.066006600660066,0.0033003300330033004,
1407,0.0,0.0,0.0
1408,0.0,0.0,0.0
1409,0.003875968992248062,0.0,
1410,0.0,0.0,
1411,0.0034965034965034965,0.0,0.0
1412,0.014084507042253521,0.01056338028169014,
1413,0.0,0.0,0.0
1414,0.0,0.0,0.0
1415,0.0,0.0,0.0
1416,0.0,0.0,0.017123287671232876
1417,0.00819672131147541,0.0,0.0
1418,0.00641025641025641,0.0,0.0
1419,0.007905138339920948,0.0,0.0
1420,0.1761194029850746,0.0,0.0
1421,0.014367816091954023,0.0,0.8017241379310345
1422,0.0,0.0,0.0
1423,0.0033333333333333335,0.0,0.0
1424,0.0,0.0,0.0
1425,0.00784313725490196,0.023529411764705882,
1426,0.038461538461538464,0.007692307692307693,
1427,0.003389830508474576,0.0,0.0
1428,0.03460207612456748,0.0,
1429,0.0,0.0,0.0
1430,0.0,0.0,0.0
1431,0.017064846416382253,0.0,0.0
1432,0.0,0.0,0.0
1433,0.0,0.0,0.0
1434,0.053691275167785234,0.030201342281879196,
1435,0.0,0.0,0.0
1436,0.0,0.0,0.0
1437,0.0,0.0,0.0
1438,0.016194331983805668,0.008097165991902834,
1439,0.0,0.006578947368421052,
1440,0.07878787878787878,0.0030303030303030303,
1441,0.0,0.0,0.0
1442,0.007067137809187279,0.0,0.0
1443,0.0,0.01098901098901099,
1444,0.026058631921824105,0.0,0.0
1445,0.0,0.0,0.0
1446,0.03162055335968379,0.0,0.0
1447,0.0,0.0,0.0
1448,0.02112676056338028,0.0,0.0
1449,0.003745318352059925,0.0,0.0
1450,0.006134969325153374,0.0,0.0
1451,0.0,0.0,0.0
1452,0.006968641114982578,0.0,0.0
1453,0.0,0.0,0.0
1454,0.0,0.0,0.0
1455,0.0664451827242525,0.046511627906976744,
1456,0.0,0.0,0.0
1457,0.0,0.0,0.0
1458,0.0,0.0,0.0
1459,0.0,0.0,0.0
1460,0.0,0.0,0.0
1461,0.05394190871369295,0.012448132780082987,
1462,0.0,0.0,0.0
1463,0.0034129692832764505,0.0,0.0
1464,0.0,0.0,0.0
1465,0.023255813953488372,0.0,0.0
1466,0.0,0.0,0.0
1467,0.19298245614035087,0.007017543859649123,
1468,0.010714285714285714,0.03214285714285714,
1469,0.011363636363636364,0.0,0.42045454545454547
1470,0.021052631578947368,0.0035087719298245615,
1471,0.0,0.011450381679389313,
1472,0.07720588235294118,0.0,
1473,0.011049723756906077,0.0,0.7320441988950276
1474,0.011627906976744186,0.01937984496124031,
1475,0.0,0.0035714285714285713,
1476,0.0,0.0,0.0
1477,0.0,0.0,0.0
1478,0.0,0.0,0.0
1479,0.0,0.0,0.0
1480,0.014814814814814815,0.0,
1481,0.0,0.0,0.0
1482,0.003215434083601286,0.0,0.0
1483,0.0,0.0038022813688212928,0.0
1484,0.0,0.0,0.0
1485,0.0032258064516129032,0.0,0.0
1486,0.0,0.0,0.0
1487,0.0,0.0,0.0
1488,0.0,0.0,0.0
1489,0.03759398496240601,0.007518796992481203,
1490,0.25196850393700787,0.007874015748031496,
1491,0.003436426116838488,0.003436426116838488,0.0
1492,0.00823045267489712,0.0,0.0
1493,0.006134969325153374,0.0,0.0
1494,0.0,0.0,0.0
1495,0.0,0.0,
1496,0.0,0.0,0.0
1497,0.0,0.0,0.0
1498,0.0,0.0036900369003690036,
1499,0.028469750889679714,0.0,0.0
1500,0.007168458781362007,0.007168458781362007,
1501,0.04281345565749235,0.0,0.0
1502,0.0,0.003937007874015748,
1503,0.0,0.0,0.0
1504,0.504225352112676,0.0,0.0028169014084507044
1505,0.0033444816053511705,0.0,0.0
1506,0.0,0.0,0.0
1507,0.0034482758620689655,0.0,0.0
1508,0.0,0.0,0.0
1509,0.006329113924050633,0.0,0.0
1510,0.0,0.0,0.0
1511,0.01171875,0.01171875,
1512,0.0,0.0,0.0
1513,0.011320754716981131,0.0,
1514,0.06741573033707865,0.018726591760299626,
1515,0.0,0.0,0.0
1516,0.0,0.0,0.0
1517,0.0,0.0,
1518,0.003968253968253968,0.011904761904761904,
1519,0.025362318840579712,0.028985507246376812,
1520,0.0,0.0,0.0
1521,0.0636042402826855,0.0,0.0
1522,0.0033112582781456954,0.0,0.0
1523,0.006688963210702341,0.056856187290969896,
1524,0.0,0.0,0.0
1525,0.0037735849056603774,0.0,0.0
1526,0.0,0.0,0.0
1527,0.00784313725490196,0.0,0.0
1528,0.0078125,0.0,0.0
1529,0.0,0.0,0.0
1530,0.0,0.007194244604316547,
1531,0.0,0.0,
1532,0.0,0.0,0.0
1533,0.0,0.0,0.0
1534,0.0033112582781456954,0.0033112582781456954,
1535,0.0040650406504065045,0.008130081300813009,
1536,0.024,0.0,
1537,0.0035211267605633804,0.007042253521126761,0.0
1538,0.022364217252396165,0.025559105431309903,
1539,0.003861003861003861,0.0,
1540,0.0,0.0,0.0
1541,0.0,0.0,
1542,0.0,0.05,
1543,0.0,0.0,0.0
1544,0.007352941176470588,0.0,
1545,0.011019283746556474,0.0,0.8732782369146006
1546,0.006734006734006734,0.0,0.0
1547,0.0,0.022988505747126436,
1548,0.01079136690647482,0.0035971223021582736,
1549,0.00784313725490196,0.0,0.0
1550,0.0,0.0,0.0
1551,0.0,0.0,0.0
1552,0.0,0.0,0.0
1553,0.0,0.0,0.0
1554,0.01358695652173913,0.0,0.7989130434782609
1555,0.05058365758754864,0.0,0.0
1556,0.0,0.0,0.0
1557,0.0,0.013468013468013467,
1558,0.003401360544217687,0.0,0.0
1559,0.0,0.0,0.0
1560,0.0,0.0,0.0
1561,0.04024767801857585,0.015479876160990712,
1562,0.031578947368421054,0.056140350877192984,
1563,0.0,0.0,0.0
1564,0.027491408934707903,0.03436426116838488,
1565,0.003367003367003367,0.0,0.0
1566,0.0,0.0,0.0
1567,0.0,0.0035971223021582736,0.0
1568,0.0,0.0,0.0
1569,0.0060790273556231,0.0,
1570,0.0,0.0,0.0
1571,0.0,0.0,0.0
1572,0.019021739130434784,0.0,0.8641304347826086
1573,0.0,0.0,0.0
1574,0.0,0.0,0.0
1575,0.0,0.0,0.0
1576,0.013245033112582781,0.0,0.0
1577,0.0,0.0,0.0
1578,0.003389830508474576,0.0,0.0
1579,0.0,0.0,0.0
1580,0.007782101167315175,0.011673151750972763,
1581,0.011235955056179775,0.0,0.0
1582,0.05319148936170213,0.03546099290780142,
1583,0.003787878787878788,0.0,0.0
1584,0.0,0.0,0.0
1585,0.0,0.0,0.0
1586,0.004,0.0,
1587,0.07666666666666666,0.0033333333333333335,
1588,0.003703703703703704,0.0,0.0
1589,0.01092896174863388,0.0,0.8633879781420765
1590,0.0034602076124567475,0.0,
1591,0.0,0.0,
1592,0.014035087719298246,0.0,
1593,0.014164305949008499,0.0,0.7960339943342776
1594,0.006493506493506494,0.0,0.0
1595,0.0,0.0,0.0
1596,0.039473684210526314,0.0,0.0
1597,0.0,0.0,0.0
1598,0.027607361963190184,0.006134969325153374,
1599,0.023346303501945526,0.027237354085603113,
1600,0.0,0.003676470588235294,
1601,0.0,0.01098901098901099,
1602,0.0,0.0,0.0
1603,0.0,0.0,0.0
1604,0.0034602076124567475,0.0,0.0
1605,0.0,0.0,0.0
1606,0.0,0.0,0.0
1607,0.007407407407407408,0.0,
1608,0.0,0.0,
1609,0.0,0.0,
1610,0.02203856749311295,0.0,0.8898071625344353
1611,0.0,0.0,0.0
1612,0.0,0.0,
1613,0.0,0.0,
1614,0.026717557251908396,0.0,
1615,0.0,0.0,0.0
1616,0.0031847133757961785,0.0,0.0
1617,0.0036101083032490976,0.0,0.0
1618,0.011204481792717087,0.0,0.8403361344537815
1619,0.0,0.0,0.0
1620,0.017123287671232876,0.003424657534246575,
1621,0.09561752988047809,0.0199203187250996,
1622,0.0,0.0,0.0
1623,0.0031746031746031746,0.0,0.0
1624,0.0,0.0,0.0
1625,0.007042253521126761,0.0035211267605633804,0.0
1626,0.0,0.0,0.0
1627,0.0035587188612099642,0.0071174377224199285,
1628,0.0,0.0,0.0
1629,0.013029315960912053,0.06514657980456026,
1630,0.0,0.0,0.0
1631,0.0,0.0,0.0
1632,0.019230769230769232,0.0,
1633,0.006535947712418301,0.016339869281045753,
1634,0.08970099667774087,0.023255813953488372,
1635,0.006711409395973154,0.0,0.0
1636,0.003236245954692557,0.009708737864077669,
1637,0.014925373134328358,0.0,
1638,0.0,0.0,0.0
1639,0.0,0.0,0.0
1640,0.0,0.0,0.0
1641,0.011235955056179775,0.0,0.0
1642,0.0,0.0,0.0
1643,0.0,0.0,0.0
1644,0.0,0.0,0.0
1645,0.04436860068259386,0.0,0.0
1646,0.04225352112676056,0.0035211267605633804,
1647,0.0,0.0,0.0
1648,0.011194029850746268,0.007462686567164179,
1649,0.013157894736842105,0.006578947368421052,
1650,0.0,0.0,0.0
1651,0.046511627906976744,0.011627906976744186,
1652,0.0031446540880503146,0.0,0.0
1653,0.0,0.0,0.0
1654,0.0,0.0,0.0
1655,0.0,0.0,0.0
1656,0.03571428571428571,0.0,0.0
1657,0.0,0.0,
1658,0.0,0.0,0.0
1659,0.0070921985815602835,0.0,0.0
1660,0.0,0.0,
1661,0.0,0.0,0.0
1662,0.05818181818181818,0.09090909090909091,
1663,0.0,0.0,0.0
1664,0.04814814814814815,0.0,
1665,0.030716723549488054,0.006825938566552901,
1666,0.0,0.0,0.0
1667,0.04983388704318937,0.0,0.0
1668,0.0,0.0,0.0
1669,0.05755395683453238,0.039568345323741004,
1670,0.04887218045112782,0.04887218045112782,
1671,0.012,0.024,
1672,0.0,0.003816793893129771,
1673,0.019444444444444445,0.0,0.7861111111111111
1674,0.0,0.0,0.0
1675,0.0,0.0,0.0
1676,0.0,0.0,
1677,0.0,0.0,0.0
1678,0.00625,0.0,0.0
1679,0.0,0.0,0.0
1680,0.0,0.0036496350364963502,
1681,0.011194029850746268,0.007462686567164179,
1682,0.0,0.0,0.0
1683,0.0034965034965034965,0.0,0.0
1684,0.004098360655737705,0.00819672131147541,
1685,0.0,0.0,0.0
1686,0.0038314176245210726,0.0,
1687,0.0,0.003278688524590164,
1688,0.0,0.0,0.0
1689,0.003076923076923077,0.003076923076923077,
1690,0.0,0.0,0.0
1691,0.0,0.0,0.0
1692,0.0,0.003205128205128205,
1693,0.0,0.010380622837370242,
1694,0.0033783783783783786,0.0,0.0
1695,0.21115537848605578,0.01195219123505976,
1696,0.0,0.0,0.0
1697,0.0,0.0,0.0
1698,0.0,0.0,0.0
1699,0.0,0.0,0.0
1700,0.016835016835016835,0.0,
1701,0.39457831325301207,0.0,0.0
1702,0.0,0.0,0.0
1703,0.0,0.0,0.0
1704,0.0,0.0,0.0
1705,0.028112449799196786,0.04819277108433735,
1706,0.0058823529411764705,0.0,0.0
1707,0.003436426116838488,0.0,0.0
1708,0.0,0.0,0.0
1709,0.0035087719298245615,0.0,0.0
1710,0.003787878787878788,0.003787878787878788,
1711,0.0873015873015873,0.0,0.0
1712,0.020761245674740483,0.0,0.0
1713,0.0,0.0,0.0
1714,0.06642066420664207,0.0,
1715,0.08813559322033898,0.04406779661016949,
1716,0.0,0.0,0.0
1717,0.0,0.0,0.0
1718,0.0,0.0,0.0
1719,0.0,0.009836065573770493,
1720,0.003125,0.03125,
1721,0.0,0.0,0.0
1722,0.0,0.012195121951219513,
1723,0.018796992481203006,0.0,0.0
1724,0.014336917562724014,0.0035842293906810036,
1725,0.0,0.0,0.0
1726,0.0,0.0,0.0
1727,0.24290220820189273,0.08201892744479496,
1728,0.0,0.007936507936507936,
1729,0.011019283746556474,0.0,0.8154269972451791
1730,0.006622516556291391,0.0,0.0
1731,0.004081632653061225,0.0,0.0
1732,0.0032258064516129032,0.0,0.0
1733,0.0,0.0,0.0
1734,0.01195219123505976,0.01593625498007968,
1735,0.05244755244755245,0.0,0.0
1736,0.006600660066006601,0.006600660066006601,
1737,0.07114624505928854,0.023715415019762844,
1738,0.20261437908496732,0.00980392156862745,
1739,0.010948905109489052,0.0,0.0
1740,0.4861878453038674,0.0055248618784530384,
1741,0.09116809116809117,0.0,0.0
1742,0.03666666666666667,0.006666666666666667,
1743,0.0,0.0,
1744,0.08487084870848709,0.007380073800738007,
1745,0.007352941176470588,0.0,0.0
1746,0.0,0.015267175572519083,
1747,0.0,0.0,0.0
1748,0.0,0.01935483870967742,
1749,0.1647940074906367,0.033707865168539325,
1750,0.0033222591362126247,0.0,0.0
1751,0.0,0.0,
1752,0.003816793893129771,0.04198473282442748,
1753,0.04580152671755725,0.07633587786259542,
1754,0.0,0.0,0.0
1755,0.06020066889632107,0.0,0.0
1756,0.0,0.0,0.0
1757,0.003816793893129771,0.0,0.0
1758,0.01928374655647383,0.0,0.8760330578512396
1759,0.02258064516129032,0.0,0.0
1760,0.011730205278592375,0.0,0.501466275659824
1761,0.0,0.0,0.0
1762,0.0,0.0,0.0
1763,0.006289308176100629,0.0,0.2610062893081761
1764,0.01838235294117647,0.003676470588235294,
1765,0.020905923344947737,0.0,0.0
1766,0.0038910505836575876,0.0,
1767,0.006535947712418301,0.0,
1768,0.04,0.0,
1769,0.00980392156862745,0.0,0.0
1770,0.0,0.0,0.0
1771,0.016194331983805668,0.0,0.0
1772,0.03819444444444445,0.08333333333333333,
1773,0.0,0.0,0.0
1774,0.0,0.0,0.0
1775,0.0,0.0,0.0
1776,0.0,0.0,0.0
1777,0.0,0.0,0.0
1778,0.006825938566552901,0.0034129692832764505,0.0
1779,0.035211267605633804,0.03169014084507042,
1780,0.007518796992481203,0.0,0.0
1781,0.0,0.0,0.0
1782,0.008823529411764706,0.0,0.8176470588235294
1783,0.0037593984962406013,0.0,
1784,0.017921146953405017,0.0,0.0
1785,0.0038314176245210726,0.0,0.0
1786,0.0,0.0,0.0
1787,0.036,0.02,
1788,0.014184397163120567,0.04964539007092199,
1789,0.011857707509881422,0.007905138339920948,
1790,0.00390625,0.0,0.0
1791,0.00819672131147541,0.012295081967213115,
1792,0.0,0.0,0.0
1793,0.0,0.0,
1794,0.003424657534246575,0.0,
1795,0.0,0.0,0.0
1796,0.0,0.0,0.0
1797,0.06130268199233716,0.011494252873563218,
1798,0.04398826979472141,0.0,0.0
1799,0.003389830508474576,0.0,
1800,0.0,0.0,0.0
1801,0.0,0.006211180124223602,
1802,0.07932011331444759,0.0,0.7535410764872521
1803,0.0,0.0,0.0
1804,0.017605633802816902,0.028169014084507043,
1805,0.0,0.0,0.0
1806,0.0,0.0,0.0
1807,0.018072289156626505,0.0,0.42771084337349397
1808,0.0,0.0,0.0
1809,0.006734006734006734,0.0,0.0
1810,0.15163934426229508,0.0,0.0
1811,0.0,0.0,0.0
1812,0.0,0.0,
1813,0.1289308176100629,0.0,
1814,0.15625,0.065625,
1815,0.0,0.0,
1816,0.007662835249042145,0.0,
1817,0.0,0.0,0.0
1818,0.06289308176100629,0.05660377358490566,
1819,0.050505050505050504,0.013468013468013467,
1820,0.0,0.0,0.0
1821,0.0,0.0,0.0
1822,0.0033783783783783786,0.0,0.0
1823,0.006688963210702341,0.0,0.0
1824,0.0,0.007434944237918215,
1825,0.0,0.0,0.0
1826,0.0,0.0,0.0
1827,0.024691358024691357,0.012345679012345678,
1828,0.0,0.0,0.0
1829,0.0,0.0,0.0
1830,0.0034602076124567475,0.01730103806228374,
1831,0.032679738562091505,0.0,0.0
1832,0.017241379310344827,0.0,0.0
1833,0.0,0.0,0.0
1834,0.0,0.0,0.0
1835,0.0,0.0,0.0
1836,0.0375,0.021875,
1837,0.0,0.0,
1838,0.0,0.015873015873015872,
1839,0.0,0.0,0.0
1840,0.058823529411764705,0.00784313725490196,
1841,0.0061162079510703364,0.012232415902140673,
1842,0.041379310344827586,0.013793103448275862,
1843,0.07534246575342465,0.0,0.0
1844,0.09933774834437085,0.0,0.0
1845,0.0,0.0,0.0
1846,0.010830324909747292,0.0,0.0
1847,0.003236245954692557,0.0,0.0
1848,0.013114754098360656,0.0,0.0
1849,0.0,0.0,0.0
1850,0.0,0.0,0.0
1851,0.0,0.0,0.0
1852,0.0,0.0,0.0
1853,0.008264462809917356,0.0,0.8402203856749312
1854,0.05536332179930796,0.03460207612456748,
1855,0.012232415902140673,0.0,0.0
1856,0.0,0.0,0.0
1857,0.0125,0.0,0.0
1858,0.0,0.006968641114982578,
1859,0.0038910505836575876,0.0038910505836575876,
1860,0.007042253521126761,0.0,0.0
1861,0.0,0.006896551724137931,
1862,0.03409090909090909,0.056818181818181816,
1863,0.0038910505836575876,0.0,
1864,0.0,0.0,0.0
1865,0.00392156862745098,0.0,0.0
1866,0.0,0.0,
1867,0.0037313432835820895,0.0,0.0
1868,0.021897810218978103,0.0,0.0
1869,0.007462686567164179,0.007462686567164179,
1870,0.0,0.0,0.0
1871,0.0,0.0,0.0
1872,0.0,0.0,0.0
1873,0.0,0.0,0.0
1874,0.0,0.006006006006006006,
1875,0.07317073170731707,0.0,0.0
1876,0.0,0.0,0.0
1877,0.006802721088435374,0.0,0.0
1878,0.0,0.0,
1879,0.0,0.0,0.0
1880,0.013114754098360656,0.013114754098360656,
1881,0.0,0.0,0.0
1882,0.04792332268370607,0.0,
1883,0.0,0.0,
1884,0.0,0.0,0.0
1885,0.011194029850746268,0.022388059701492536,
1886,0.0,0.0,0.0
1887,0.0,0.006756756756756757,
1888,0.017006802721088437,0.0,0.336734693877551
1889,0.026627218934911243,0.0,0.3076923076923077
1890,0.003367003367003367,0.0,0.0
1891,0.2363013698630137,0.05821917808219178,
1892,0.0,0.007194244604316547,
1893,0.0,0.0,0.0
1894,0.01893939393939394,0.0,
1895,0.0,0.0,0.0
1896,0.04013377926421405,0.0,0.0
1897,0.003484320557491289,0.0,0.0
1898,0.016666666666666666,0.0,0.0
1899,0.0,0.0,0.0
1900,0.0,0.0,0.0
1901,0.0,0.0,0.0
1902,0.13166144200626959,0.009404388714733543,
1903,0.003676470588235294,0.0,0.0
1904,0.0,0.0,
1905,0.0,0.0,0.0
1906,0.0,0.0,0.0
1907,0.0035335689045936395,0.014134275618374558,
1908,0.0076045627376425855,0.0,0.0
1909,0.0,0.0,0.0
1910,0.0,0.0,0.0
1911,0.033210332103321034,0.0,0.0036900369003690036
1912,0.0,0.0,0.0
1913,0.0,0.0,0.0
1914,0.023333333333333334,0.06333333333333334,
1915,0.0,0.0,0.0
1916,0.0070921985815602835,0.028368794326241134,
1917,0.01593625498007968,0.0,0.0
1918,0.0,0.0,0.0
1919,0.007874015748031496,0.0,
1920,0.003236245954692557,0.006472491909385114,
1921,0.024489795918367346,0.0,0.0
1922,0.00390625,0.00390625,
1923,0.034013605442176874,0.006802721088435374,
1924,0.0031545741324921135,0.0031545741324921135,0.0
1925,0.0,0.0,0.0
1926,0.0,0.0,0.0
1927,0.0,0.0,0.0
1928,0.003257328990228013,0.0,0.0
1929,0.010101010101010102,0.010101010101010102,
1930,0.0410958904109589,0.00684931506849315,
1931,0.054838709677419356,0.0,0.09032258064516129
1932,0.0,0.0,0.0
1933,0.0,0.0,0.0
1934,0.0,0.0036900369003690036,
1935,0.02877697841726619,0.02158273381294964,
1936,0.0,0.0,
1937,0.04597701149425287,0.034482758620689655,
1938,0.1858974358974359,0.01282051282051282,
1939,0.017123287671232876,0.00684931506849315,
1940,0.0,0.0,0.0
1941,0.0035842293906810036,0.0,0.0
1942,0.0,0.0,0.0
1943,0.0297029702970297,0.0,0.0
1944,0.01953125,0.00390625,
1945,0.0,0.0,0.0
1946,0.015527950310559006,0.0,0.5559006211180124
1947,0.00911854103343465,0.0,0.0
1948,0.0,0.0,0.0
1949,0.0,0.0,0.0
1950,0.0072992700729927005,0.0072992700729927005,
1951,0.0,0.0,0.0
1952,0.0029411764705882353,0.0,0.0
1953,0.017064846416382253,0.006825938566552901,
1954,0.0,0.0,0.0
1955,0.0,0.0,0.0
1956,0.0,0.0,0.0
1957,0.06985294117647059,0.014705882352941176,
1958,0.0,0.0,0.0
1959,0.0,0.0,0.0
1960,0.0,0.0036231884057971015,0.0
1961,0.0,0.0,0.0
1962,0.0035714285714285713,0.0,0.0
1963,0.0,0.0,0.0
1964,0.2564935064935065,0.02922077922077922,
1965,0.00392156862745098,0.0,
1966,0.07608695652173914,0.0036231884057971015,
1967,0.00911854103343465,0.0,0.0
1968,0.0,0.0,0.0
1969,0.003436426116838488,0.01718213058419244,
1970,0.011560693641618497,0.0,0.8497109826589595
1971,0.0,0.0036900369003690036,
1972,0.0,0.0,0.0
1973,0.05333333333333334,0.043333333333333335,
1974,0.0,0.0,0.0
1975,0.0037735849056603774,0.0,0.0
1976,0.018050541516245487,0.0036101083032490976,
1977,0.0,0.0,0.0
1978,0.0,0.0036496350364963502,0.0
1979,0.0,0.0,0.0
1980,0.00625,0.021875,
1981,0.022653721682847898,0.0,0.0
1982,0.09655172413793103,0.006896551724137931,
1983,0.0,0.0,0.0
1984,0.0,0.0,0.0
1985,0.0,0.010169491525423728,
1986,0.02413793103448276,0.006896551724137931,
1987,0.009554140127388535,0.0031847133757961785,
1988,0.068,0.004,
1989,0.03257328990228013,0.0,0.0
1990,0.0,0.0036101083032490976,0.0
1991,0.0975609756097561,0.0,0.0
1992,0.0,0.0,0.0
1993,0.0,0.0,0.0
1994,0.046583850931677016,0.0,
1995,0.07857142857142857,0.02857142857142857,
1996,0.02247191011235955,0.003745318352059925,
1997,0.009375,0.0,
1998,0.01718213058419244,0.0,0.0
1999,0.0,0.0,0.0
2000,0.0,0.010380622837370242,
2001,0.14733542319749215,0.050156739811912224,
2002,0.0,0.0,0.0
2003,0.006993006993006993,0.0,0.0
2004,0.008064516129032258,0.0,0.0
2005,0.03283582089552239,0.0,0.7940298507462686
2006,0.0,0.0,0.0
2007,0.0,0.0,0.0
2008,0.0,0.0,0.0
2009,0.0056657223796034,0.0,0.0
2010,0.0,0.0,
2011,0.0,0.0,0.0
2012,0.06382978723404255,0.0070921985815602835,
2013,0.011904761904761904,0.015873015873015872,
2014,0.0,0.0,0.0
2015,0.0,0.0,0.0
2016,0.0,0.0,0.0
2017,0.006688963210702341,0.0,
2018,0.0,0.0,0.0
2019,0.0,0.0,0.0
2020,0.0,0.0,0.0
2021,0.0036496350364963502,0.0036496350364963502,
2022,0.0,0.0,
2023,0.0,0.0,0.0
2024,0.0,0.0,0.0
2025,0.0,0.0,0.0
2026,0.0,0.0,0.0
2027,0.029411764705882353,0.0,0.0
2028,0.19850187265917604,0.00749063670411985,
2029,0.029411764705882353,0.0,
2030,0.0,0.0,0.0
2031,0.007434944237918215,0.0,0.0
2032,0.5982142857142857,0.0,
2033,0.088,0.004,
2034,0.0,0.006578947368421052,
2035,0.11913357400722022,0.0,0.0
2036,0.0,0.0,0.0
2037,0.08270676691729323,0.0037593984962406013,
2038,0.0,0.0,
2039,0.0,0.0,0.0
2040,0.008928571428571428,0.0,0.0
2041,0.003215434083601286,0.0,0.0
2042,0.0,0.0,0.0
2043,0.0,0.0,0.0
2044,0.0035460992907801418,0.0,0.0
2045,0.0,0.006688963210702341,
2046,0.028268551236749116,0.0176678445229682,
2047,0.0,0.0,
2048,0.0,0.0,0.0
2049,0.0,0.0,0.0
2050,0.047021943573667714,0.050156739811912224,
2051,0.0,0.0,0.0
2052,0.0,0.006968641114982578,
2053,0.0,0.0,0.0
2054,0.045627376425855515,0.022813688212927757,
2055,0.024390243902439025,0.0,0.0
2056,0.0032258064516129032,0.0,0.0
2057,0.0,0.0,0.0
2058,0.0,0.0,0.0
2059,0.042704626334519574,0.014234875444839857,
2060,0.0,0.0,0.0
2061,0.0,0.0,0.0
2062,0.016611295681063124,0.09302325581395349,
2063,0.270516717325228,0.030395136778115502,
2064,0.0,0.0,0.0
2065,0.009966777408637873,0.0,0.0
2066,0.023178807947019868,0.0,0.0
2067,0.0,0.0,0.0
2068,0.0029154518950437317,0.0,
2069,0.0038022813688212928,0.0,0.0
2070,0.0037174721189591076,0.0,0.0
2071,0.0,0.0,0.0
2072,0.01953125,0.0078125,
2073,0.009009009009009009,0.0,0.0
2074,0.14776632302405499,0.037800687285223365,
2075,0.006269592476489028,0.0,0.0
2076,0.0038461538461538464,0.0038461538461538464,
2077,0.0,0.0,0.0
2078,0.055350553505535055,0.007380073800738007,
2079,0.0,0.0,0.0
2080,0.0,0.0,0.0
2081,0.0,0.0,0.0
2082,0.0,0.0,
2083,0.0,0.0,0.0
2084,0.0,0.0,0.0
2085,0.0,0.0,0.0
2086,0.0,0.0,
2087,0.0,0.0,0.0
2088,0.0035460992907801418,0.0,0.0
2089,0.0,0.0,0.0
2090,0.0,0.0,0.0
2091,0.0,0.0,0.0
2092,0.0,0.0,0.0
2093,0.0,0.0,0.0
2094,0.0,0.0,0.0
2095,0.11186440677966102,0.030508474576271188,
2096,0.003861003861003861,0.0,0.0
2097,0.0,0.0,0.0
2098,0.0,0.0,0.0
2099,0.18333333333333332,0.020833333333333332,
2100,0.0,0.02880658436213992,0.0
2101,0.0,0.0,0.0
2102,0.043010752688172046,0.0,0.0
2103,0.02867383512544803,0.04659498207885305,
2104,0.0,0.0,0.0
2105,0.0,0.0,
2106,0.14566929133858267,0.015748031496062992,
2107,0.012195121951219513,0.0040650406504065045,
2108,0.0031645569620253164,0.0031645569620253164,
2109,0.0,0.0,0.0
2110,0.0,0.013888888888888888,
2111,0.0,0.0,0.0
2112,0.0057306590257879654,0.0,0.0
2113,0.0,0.0,0.0
2114,0.0,0.0,0.0
2115,0.0,0.0,0.0
2116,0.0072992700729927005,0.0,0.0
2117,0.0,0.0,0.0
2118,0.024390243902439025,0.012195121951219513,
2119,0.004,0.0,
2120,0.0398406374501992,0.035856573705179286,
2121,0.0,0.0,0.0
2122,0.0,0.0,0.0
2123,0.0,0.0,0.0
2124,0.0,0.007067137809187279,
2125,0.01056338028169014,0.0,0.0
2126,0.0,0.006734006734006734,0.0
2127,0.03690036900369004,0.0,
2128,0.003289473684210526,0.006578947368421052,
2129,0.0,0.0,0.0
2130,0.00398406374501992,0.0,0.0
2131,0.0037593984962406013,0.0,0.0
2132,0.0,0.0,0.0
2133,0.23508771929824562,0.021052631578947368,
2134,0.007142857142857143,0.0,0.0
2135,0.0,0.0,
2136,0.0,0.0,0.0
2137,0.0,0.0,0.0
2138,0.0,0.0,0.0
2139,0.04713804713804714,0.006734006734006734,
2140,0.008264462809917356,0.0,0.9118457300275482
2141,0.0,0.0,0.0
2142,0.011235955056179775,0.0,0.398876404494382
2143,0.0,0.0038314176245210726,
2144,0.003436426116838488,0.0,0.0
2145,0.023178807947019868,0.006622516556291391,
2146,0.025735294117647058,0.003676470588235294,
2147,0.039735099337748346,0.026490066225165563,
2148,0.03501945525291829,0.0,0.0
2149,0.0,0.0,0.0
2150,0.0,0.007142857142857143,
2151,0.0110803324099723,0.0,0.778393351800554
2152,0.0,0.0,0.0
2153,0.015209125475285171,0.019011406844106463,
2154,0.08627450980392157,0.0,
2155,0.02903225806451613,0.0032258064516129032,
2156,0.011019283746556474,0.0,0.8402203856749312
2157,0.090625,0.01875,
2158,0.011363636363636364,0.0,
2159,0.0,0.0,0.0
2160,0.04744525547445255,0.0,0.0
2161,0.007017543859649123,0.0,0.0
2162,0.0,0.04054054054054054,
2163,0.0,0.0,0.0
2164,0.0,0.0,0.0
2165,0.011583011583011582,0.0,
2166,0.0,0.003424657534246575,0.0
2167,0.0,0.0,0.0
2168,0.0,0.0,0.0
2169,0.0078125,0.0,0.0
2170,0.0,0.0,0.0
2171,0.0036363636363636364,0.0,0.0
2172,0.02821316614420063,0.003134796238244514,
2173,0.0,0.0,
2174,0.0,0.0,0.0
2175,0.0,0.0,0.0
2176,0.006644518272425249,0.0,0.0
2177,0.019011406844106463,0.0,
2178,0.017167381974248927,0.004291845493562232,
2179,0.0,0.0,0.0
2180,0.007168458781362007,0.0,0.0
2181,0.0036363636363636364,0.0036363636363636364,
2182,0.0078125,0.0,0.0
2183,0.003937007874015748,0.0,0.0
2184,0.0,0.0,0.0
2185,0.0,0.0,0.0
2186,0.0,0.007751937984496124,
2187,0.030508474576271188,0.0,
2188,0.0036900369003690036,0.0,
2189,0.003952569169960474,0.003952569169960474,
2190,0.0036231884057971015,0.043478260869565216,0.0
2191,0.0,0.0,0.0
2192,0.011204481792717087,0.0,0.8403361344537815
2193,0.0,0.0,0.0
2194,0.0,0.0,
2195,0.07777777777777778,0.007407407407407408,
2196,0.0,0.0,0.0
2197,0.0,0.0,
2198,0.0,0.0,0.0
2199,0.0,0.0,0.0
2200,0.0037593984962406013,0.0,0.0
2201,0.0,0.0,0.0
2202,0.0037735849056603774,0.033962264150943396,
2203,0.3525423728813559,0.010169491525423728,
2204,0.0,0.0,0.0
2205,0.057692307692307696,0.0,0.003205128205128205
2206,0.0,0.0,0.0
2207,0.0,0.0,0.0
2208,0.0034965034965034965,0.0944055944055944,
2209,0.0,0.0,0.0
2210,0.11553784860557768,0.0199203187250996,
2211,0.006329113924050633,0.0,0.0
2212,0.1355421686746988,0.10542168674698796,
2213,0.0036496350364963502,0.0072992700729927005,
2214,0.0,0.0,0.0
2215,0.0,0.0,0.0
2216,0.0,0.0,0.0
2217,0.0,0.0,0.0
2218,0.0,0.0,0.0
2219,0.007575757575757576,0.003787878787878788,
2220,0.0,0.0,0.0
2221,0.017391304347826087,0.0,0.23768115942028986
2222,0.0035211267605633804,0.0,
2223,0.007380073800738007,0.0,0.0
2224,0.04054054054054054,0.0,
2225,0.0,0.0,
2226,0.0,0.0,0.0
2227,0.0,0.0,
2228,0.03529411764705882,0.0,0.24705882352941178
2229,0.05019305019305019,0.003861003861003861,
2230,0.09090909090909091,0.04195804195804196,
2231,0.0038461538461538464,0.0,0.0
2232,0.0,0.0,0.0
2233,0.0,0.0,0.0
2234,0.5623188405797102,0.04057971014492753,
2235,0.003389830508474576,0.0,0.0
2236,0.0,0.0,0.0
2237,0.02952029520295203,0.0,
2238,0.018050541516245487,0.007220216606498195,
2239,0.03272727272727273,0.007272727272727273,
2240,0.0,0.0,0.0
2241,0.023809523809523808,0.07936507936507936,
2242,0.030508474576271188,0.0,0.0
2243,0.0,0.027874564459930314,
2244,0.03496503496503497,0.0,0.0
2245,0.0,0.0,0.0
2246,0.013850415512465374,0.0,0.8448753462603878
2247,0.0,0.0,0.0
2248,0.008,0.0,0.0
2249,0.01568627450980392,0.0,0.0
2250,0.015479876160990712,0.0,0.47058823529411764
2251,0.0035335689045936395,0.0,0.0
2252,0.0,0.0,0.0
2253,0.0,0.0,0.0
2254,0.006349206349206349,0.0,0.0
2255,0.0,0.0,0.0
2256,0.00392156862745098,0.0,0.0
2257,0.003215434083601286,0.0,0.0
2258,0.026119402985074626,0.0,0.0037313432835820895
2259,0.011406844106463879,0.0,
2260,0.07909604519774012,0.0,0.6666666666666666
2261,0.0,0.0,0.0
2262,0.0,0.0,0.0
2263,0.0,0.0,0.0
2264,0.0035211267605633804,0.01056338028169014,
2265,0.03529411764705882,0.00784313725490196,
2266,0.0,0.0038910505836575876,
2267,0.07608695652173914,0.010869565217391304,
2268,0.007352941176470588,0.0,0.0
2269,0.0,0.0,
2270,0.01060070671378092,0.0176678445229682,
2271,0.0035714285714285713,0.0,0.0
2272,0.0,0.0,0.0
2273,0.003663003663003663,0.0,0.0
2274,0.0,0.0,0.0
2275,0.0,0.0,0.0
2276,0.03557312252964427,0.023715415019762844,
2277,0.00906344410876133,0.0030211480362537764,
2278,0.019736842105263157,0.0,0.0
2279,0.08668730650154799,0.043343653250773995,
2280,0.16842105263157894,0.12280701754385964,
2281,0.0,0.0,0.0
2282,0.002881844380403458,0.0,0.0
2283,0.0084985835694051,0.0,0.6147308781869688
2284,0.0,0.0,0.0
2285,0.0,0.0,0.0
2286,0.003215434083601286,0.0,0.0
2287,0.0038022813688212928,0.0,0.0
2288,0.0,0.0,0.0
2289,0.007194244604316547,0.01079136690647482,
2290,0.0,0.0,0.0
2291,0.0,0.0,0.0
2292,0.0,0.0,0.0
2293,0.010380622837370242,0.0,0.0
2294,0.0,0.0,0.0
2295,0.008130081300813009,0.0,0.0
2296,0.0,0.0,0.0
2297,0.031791907514450865,0.0,0.3208092485549133
2298,0.0,0.0,
2299,0.0,0.003105590062111801,0.0
2300,0.018518518518518517,0.0,
2301,0.0,0.0,0.0
2302,0.03142857142857143,0.0,0.6228571428571429
2303,0.010638297872340425,0.0,0.0
2304,0.009404388714733543,0.0,0.0
2305,0.0,0.0,0.0
2306,0.0,0.0,0.0
2307,0.07042253521126761,0.13028169014084506,
2308,0.0,0.0,0.0
2309,0.0,0.0,0.0
2310,0.00816326530612245,0.0,
2311,0.0,0.0,0.0
2312,0.057034220532319393,0.0,
2313,0.0,0.0,0.0
2314,0.003703703703703704,0.0,
2315,0.0,0.0,0.0
2316,0.006097560975609756,0.08536585365853659,
2317,0.0035714285714285713,0.0,
2318,0.0,0.0,0.0
2319,0.0,0.0038461538461538464,
2320,0.0035335689045936395,0.0,0.0
2321,0.2536231884057971,0.0,
2322,0.0,0.0,0.0
2323,0.03064066852367688,0.0,0.7994428969359332
2324,0.0,0.0,0.0
2325,0.0,0.0,0.0
2326,0.007407407407407408,0.0,0.0
2327,0.0,0.04263565891472868,0.0
2328,0.0,0.0,0.0
2329,0.0,0.0,0.0
2330,0.0,0.0,0.0
2331,0.010676156583629894,0.0,0.0
2332,0.0,0.01090909090909091,
2333,0.0036363636363636364,0.0,0.0
2334,0.02464788732394366,0.0,0.0
2335,0.011152416356877323,0.007434944237918215,
2336,0.00390625,0.0,0.0
2337,0.006309148264984227,0.022082018927444796,
2338,0.02127659574468085,0.0035460992907801418,
2339,0.23129251700680273,0.003401360544217687,
2340,0.014705882352941176,0.0,0.0
2341,0.0,0.0,0.0
2342,0.0,0.012,
2343,0.0,0.0,0.0
2344,0.0,0.0,0.0
2345,0.0,0.0,0.0
2346,0.0,0.0,0.0
2347,0.011019283746556474,0.0,0.8154269972451791
2348,0.04198473282442748,0.003816793893129771,
2349,0.0,0.0,0.0
2350,0.019933554817275746,0.03322259136212625,
2351,0.0,0.0,0.0
2352,0.0,0.0,0.0
2353,0.09090909090909091,0.007575757575757576,
2354,0.013468013468013467,0.003367003367003367,0.3367003367003367
2355,0.0,0.0,0.0
2356,0.0,0.0,0.0
2357,0.047619047619047616,0.0,0.0
2358,0.0,0.0,0.0
2359,0.0,0.0,0.0
2360,0.0,0.0,0.0
2361,0.0,0.003215434083601286,
2362,0.06227106227106227,0.007326007326007326,
2363,0.0,0.0,0.0
2364,0.014814814814814815,0.0,
2365,0.0,0.0,0.0
2366,0.055970149253731345,0.033582089552238806,
2367,0.0,0.0,0.0
2368,0.03735632183908046,0.0,0.6264367816091954
2369,0.0,0.0,0.0
2370,0.010416666666666666,0.013888888888888888,0.0
2371,0.0,0.0,0.0
2372,0.0,0.0,0.0
2373,0.05214723926380368,0.0,0.4723926380368098
2374,0.0,0.0,0.0
2375,0.0031746031746031746,0.009523809523809525,
2376,0.0,0.0,0.0
2377,0.0,0.0,0.0
2378,0.0,0.0,0.0
2379,0.028011204481792718,0.0,0.7450980392156863
2380,0.0,0.0,
2381,0.09433962264150944,0.0830188679245283,
2382,0.05976095617529881,0.00796812749003984,
2383,0.013888888888888888,0.0,
2384,0.01953125,0.01171875,
2385,0.0032258064516129032,0.012903225806451613,
2386,0.0,0.0,0.0
2387,0.019672131147540985,0.009836065573770493,
2388,0.006644518272425249,0.0,0.0
2389,0.0,0.0,0.0
2390,0.013422818791946308,0.006711409395973154,
2391,0.0,0.0,0.0
2392,0.0034482758620689655,0.0,0.0
2393,0.0,0.0,0.0
2394,0.0,0.0,0.0
2395,0.012145748987854251,0.0,0.0
2396,0.0,0.01282051282051282,
2397,0.058419243986254296,0.0,0.0
2398,0.006968641114982578,0.0,0.0
2399,0.0,0.0,0.0
2400,0.01092896174863388,0.0,0.8114754098360656
2401,0.0,0.0,0.0
2402,0.0,0.0,0.0
2403,0.012345679012345678,0.00411522633744856,
2404,0.0,0.0,0.0
2405,0.0,0.00967741935483871,0.0
2406,0.0,0.0,0.0
2407,0.0,0.0,
2408,0.03076923076923077,0.0,0.7261538461538461
2409,0.0,0.0,0.0
2410,0.0,0.0,0.0
2411,0.015151515151515152,0.0,0.0
2412,0.0038461538461538464,0.0,
2413,0.0,0.0,0.0
2414,0.006920415224913495,0.010380622837370242,
2415,0.0,0.0,0.0
2416,0.006666666666666667,0.0,
2417,0.033962264150943396,0.0,0.0
2418,0.0,0.0,0.0
2419,0.08681672025723473,0.003215434083601286,0.4662379421221865
2420,0.015015015015015015,0.0,0.6156156156156156
2421,0.0071174377224199285,0.010676156583629894,
2422,0.03594771241830065,0.0718954248366013,
2423,0.003215434083601286,0.003215434083601286,
2424,0.0,0.0,0.0
2425,0.008310249307479225,0.0,0.7700831024930748
2426,0.0,0.0,0.0
2427,0.010948905109489052,0.0,0.0
2428,0.0035335689045936395,0.0035335689045936395,
2429,0.013888888888888888,0.0,0.8388888888888889
2430,0.0,0.0,0.0
2431,0.025454545454545455,0.0,0.0
2432,0.006389776357827476,0.02875399361022364,
2433,0.03088803088803089,0.0,0.0
2434,0.0,0.0,
2435,0.0,0.0,0.0
2436,0.0,0.0,0.0
2437,0.0,0.0,0.0
2438,0.0,0.00749063670411985,
2439,0.003937007874015748,0.0,
2440,0.10569105691056911,0.0040650406504065045,
2441,0.0,0.0,0.0
2442,0.02666666666666667,0.05333333333333334,
2443,0.033210332103321034,0.0,0.0
2444,0.0,0.0,0.0
2445,0.003194888178913738,0.009584664536741214,
2446,0.03125,0.0078125,
2447,0.02120141342756184,0.0035335689045936395,
2448,0.0,0.0,0.0
2449,0.011811023622047244,0.0,0.0
2450,0.0,0.0,0.0
2451,0.0,0.0,0.0
2452,0.0,0.0,0.0
2453,0.003875968992248062,0.011627906976744186,
2454,0.0,0.0,0.0
2455,0.0,0.0,0.0
2456,0.06711409395973154,0.006711409395973154,
2457,0.007168458781362007,0.014336917562724014,
2458,0.0,0.0,0.0
2459,0.0,0.0,0.0
2460,0.0,0.0,0.0
2461,0.0,0.0,0.0
2462,0.015772870662460567,0.0,0.5425867507886435
2463,0.006666666666666667,0.0,0.0
2464,0.0,0.013513513513513514,0.0
2465,0.0,0.013559322033898305,
2466,0.0036231884057971015,0.025362318840579712,
2467,0.0,0.0,0.0
2468,0.0,0.0,
2469,0.0,0.0,0.0
2470,0.0036496350364963502,0.0,0.0
2471,0.0,0.0,0.0
2472,0.0,0.0,0.0
2473,0.0,0.0,0.0
2474,0.0035714285714285713,0.03571428571428571,
2475,0.23048327137546468,0.01486988847583643,
2476,0.0,0.0,0.0
2477,0.0032679738562091504,0.0,0.0
2478,0.0,0.0,0.0
2479,0.0,0.0,0.0
2480,0.0859375,0.0078125,
2481,0.04230769230769231,0.03076923076923077,
2482,0.0,0.0,
2483,0.021660649819494584,0.021660649819494584,
2484,0.008333333333333333,0.0,0.0
2485,0.009523809523809525,0.0,
2486,0.014134275618374558,0.0,0.5017667844522968
2487,0.05379746835443038,0.03164556962025317,
2488,0.0,0.0,0.0
2489,0.0,0.0,
2490,0.0,0.0,0.0
2491,0.0,0.00392156862745098,
2492,0.003278688524590164,0.0,0.0
2493,0.011673151750972763,0.023346303501945526,
2494,0.1583011583011583,0.06563706563706563,
2495,0.003424657534246575,0.0,0.0
2496,0.011494252873563218,0.0,0.0
2497,0.25139664804469275,0.0111731843575419,
2498,0.0,0.0,0.0
2499,0.0,0.0,0.0
2500,0.016556291390728478,0.0,0.4900662251655629
2501,0.0,0.0,0.0
2502,0.0,0.0,0.0
2503,0.006644518272425249,0.0,0.0
2504,0.0,0.0,0.0
2505,0.0,0.0,0.0
2506,0.012345679012345678,0.0,0.5277777777777778
2507,0.0,0.0,0.0
2508,0.026578073089700997,0.0,0.0
2509,0.0,0.0,0.0
2510,0.02127659574468085,0.0,0.0
2511,0.0033444816053511705,0.010033444816053512,
2512,0.0,0.011152416356877323,
2513,0.022556390977443608,0.0,
2514,0.0,0.0,
2515,0.0,0.003676470588235294,
2516,0.0,0.0,0.0
2517,0.05263157894736842,0.008097165991902834,
2518,0.0,0.0,
2519,0.0,0.014760147601476014,
2520,0.012861736334405145,0.0,
2521,0.0,0.0,0.0
2522,0.027855153203342618,0.0,0.7409470752089137
2523,0.023728813559322035,0.0,0.6067796610169491
2524,0.04119850187265917,0.0299625468164794,
2525,0.05067567567567568,0.11486486486486487,
2526,0.013071895424836602,0.0,0.0
2527,0.0,0.0,0.0
2528,0.037162162162162164,0.010135135135135136,
2529,0.007326007326007326,0.04395604395604396,
2530,0.003663003663003663,0.003663003663003663,0.0
2531,0.0,0.0,0.0
2532,0.0,0.0,
2533,0.0,0.016181229773462782,
2534,0.0,0.0,0.0
2535,0.0,0.0,
2536,0.0035211267605633804,0.0,0.0
2537,0.0036900369003690036,0.0036900369003690036,
2538,0.0,0.0,0.0
2539,0.0,0.0,0.0
2540,0.0,0.016891891891891893,
2541,0.0,0.0,0.0
2542,0.0,0.0,0.0
2543,0.0,0.0,0.0
2544,0.0,0.0,0.0
2545,0.0,0.0313588850174216,
2546,0.0,0.0,
2547,0.009836065573770493,0.0,0.32131147540983607
2548,0.0,0.0,
2549,0.02880658436213992,0.01646090534979424,
2550,0.0,0.0035714285714285713,
2551,0.0,0.0036363636363636364,
2552,0.0,0.0,0.0
2553,0.012096774193548387,0.0,0.0
2554,0.0,0.0,0.0
2555,0.006666666666666667,0.016666666666666666,
2556,0.0,0.007352941176470588,
2557,0.010899182561307902,0.0,0.8201634877384196
2558,0.0037313432835820895,0.0,0.0
2559,0.011904761904761904,0.007936507936507936,
2560,0.0859106529209622,0.0,0.003436426116838488
2561,0.0,0.01838235294117647,
2562,0.0,0.0,0.0
2563,0.0,0.0,0.0
2564,0.015037593984962405,0.0037593984962406013,
2565,0.00398406374501992,0.0,
2566,0.0313588850174216,0.0,0.0
2567,0.0,0.0,0.0
2568,0.007352941176470588,0.003676470588235294,
2569,0.0,0.0,0.0
2570,0.0,0.0,0.0
2571,0.0,0.003105590062111801,
2572,0.0,0.0,0.0
2573,0.0,0.0,0.0
2574,0.0033444816053511705,0.010033444816053512,
2575,0.0,0.0,0.0
2576,0.0035335689045936395,0.0,0.0
2577,0.0,0.0,0.0
2578,0.017123287671232876,0.0,0.0
2579,0.0,0.0,0.0
2580,0.02027027027027027,0.0,0.0
2581,0.0,0.0,0.0
2582,0.0,0.0,0.0
2583,0.0,0.0,0.0
2584,0.04743083003952569,0.0,0.0
2585,0.03985507246376811,0.021739130434782608,
2586,0.0,0.0,0.0
2587,0.007722007722007722,0.0,
2588,0.0,0.0,0.0
2589,0.0,0.0,0.0
2590,0.02666666666666667,0.0,0.6033333333333334
2591,0.05460750853242321,0.006825938566552901,
2592,0.0,0.0034482758620689655,0.0
2593,0.003367003367003367,0.0,0.0
2594,0.0,0.0,0.0
2595,0.0,0.006389776357827476,
2596,0.02734375,0.0078125,
2597,0.01606425702811245,0.020080321285140562,
2598,0.011363636363636364,0.0,0.7386363636363636
2599,0.5126760563380282,0.0,0.0028169014084507044
2600,0.0989399293286219,0.01060070671378092,
2601,0.0,0.0,0.010135135135135136
2602,0.0,0.006968641114982578,
2603,0.0,0.0,0.0
2604,0.0,0.0,0.0
2605,0.18032786885245902,0.006557377049180328,
2606,0.008264462809917356,0.0,0.0
2607,0.01568627450980392,0.00392156862745098,
2608,0.04316546762589928,0.0,0.0
2609,0.03254437869822485,0.0,0.6982248520710059
2610,0.003472222222222222,0.0,
2611,0.019230769230769232,0.0,0.7774725274725275
2612,0.0,0.0,0.0
2613,0.0,0.0,0.0
2614,0.0,0.0,
2615,0.0,0.0,
2616,0.19932432432432431,0.006756756756756757,
2617,0.0,0.0,0.0
2618,0.031578947368421054,0.0,0.0
2619,0.0,0.0,0.0
2620,0.046263345195729534,0.06405693950177936,
2621,0.04779411764705882,0.007352941176470588,
2622,0.0,0.0,0.0
2623,0.0,0.0,0.0
2624,0.026936026936026935,0.0,0.0
2625,0.013651877133105802,0.013651877133105802,
2626,0.0,0.0,0.0
2627,0.003257328990228013,0.0,
2628,0.006191950464396285,0.0,0.0
2629,0.003472222222222222,0.0,0.0
2630,0.0,0.0,0.0
2631,0.0,0.0,0.0
2632,0.0,0.0,0.0
2633,0.40390879478827363,0.003257328990228013,
2634,0.0,0.04240282685512368,0.0
2635,0.0,0.0,0.0
2636,0.0,0.0,0.0
2637,0.006329113924050633,0.0189873417721519,
2638,0.030100334448160536,0.0,0.0
2639,0.003484320557491289,0.006968641114982578,
2640,0.0,0.0,0.0
2641,0.0,0.0,0.0
2642,0.009708737864077669,0.016181229773462782,
2643,0.0,0.0,0.0
2644,0.2958199356913183,0.02572347266881029,
2645,0.012096774193548387,0.0,0.0
2646,0.0,0.0,0.0
2647,0.0,0.0,0.0
2648,0.02622950819672131,0.0,0.4459016393442623
2649,0.0,0.0,0.0
2650,0.0,0.0,0.0
2651,0.0,0.0,0.0
2652,0.003745318352059925,0.00749063670411985,
2653,0.0037174721189591076,0.0,0.0
2654,0.003787878787878788,0.0,0.0
2655,0.0,0.0,0.0
2656,0.0,0.0,0.0
2657,0.025454545454545455,0.0,0.0
2658,0.0,0.0,0.0
2659,0.0,0.0,0.0
2660,0.0,0.0,0.0
2661,0.004048582995951417,0.0,
2662,0.014545454545454545,0.04363636363636364,0.0
2663,0.003105590062111801,0.0,
2664,0.0035211267605633804,0.0,0.0
2665,0.006872852233676976,0.0,0.0
2666,0.013937282229965157,0.0,0.0
2667,0.01838235294117647,0.0,0.10294117647058823
2668,0.007067137809187279,0.0,0.3498233215547703
2669,0.002976190476190476,0.0,
2670,0.0,0.0,0.0
2671,0.0,0.0,0.0
2672,0.0,0.0,0.0
2673,0.0,0.0,0.0
2674,0.0,0.003875968992248062,0.0
2675,0.003436426116838488,0.006872852233676976,
2676,0.03551912568306011,0.0,0.8333333333333334
2677,0.0,0.0,0.0
2678,0.0,0.0,0.0
2679,0.0,0.0,0.0
2680,0.0,0.0,0.0
2681,0.0,0.0,0.0
2682,0.0,0.0,
2683,0.003816793893129771,0.003816793893129771,
2684,0.0,0.0,0.0
2685,0.023076923076923078,0.0,
2686,0.0,0.0,0.0
2687,0.45871559633027525,0.03363914373088685,
2688,0.0,0.0,0.0
2689,0.003205128205128205,0.0,0.0
2690,0.003816793893129771,0.007633587786259542,
2691,0.0,0.0,0.0
2692,0.0,0.0,0.0
2693,0.0,0.0,0.0
2694,0.06451612903225806,0.028225806451612902,
2695,0.0,0.0,0.0
2696,0.0,0.0,0.0
2697,0.0,0.0,0.0
2698,0.007326007326007326,0.007326007326007326,
2699,0.04129793510324484,0.0,0.5191740412979351
2700,0.003861003861003861,0.0,0.0
2701,0.0,0.0,0.0
2702,0.003703703703703704,0.0,0.0
2703,0.0,0.006872852233676976,
2704,0.0035587188612099642,0.0,0.0
2705,0.0,0.0,0.0
2706,0.0078125,0.0,0.0
2707,0.0,0.0,0.0
2708,0.0,0.0,0.0
2709,0.1387900355871886,0.0071174377224199285,
2710,0.0,0.0,0.0
2711,0.01597444089456869,0.0,0.268370607028754
2712,0.0,0.0,0.0
2713,0.3591331269349845,0.034055727554179564,
2714,0.027888446215139442,0.0,0.0
2715,0.0,0.0,0.0
2716,0.0,0.0,0.0
2717,0.0,0.0,0.0
2718,0.0,0.0,0.0
2719,0.003048780487804878,0.0,0.0
2720,0.0,0.003401360544217687,
2721,0.0,0.0,0.0
2722,0.0,0.010416666666666666,
2723,0.0,0.0,
2724,0.0034965034965034965,0.0,0.0
2725,0.0035587188612099642,0.0,0.0
2726,0.0,0.0,0.0
2727,0.0029498525073746312,0.035398230088495575,
2728,0.0,0.003937007874015748,
2729,0.0035842293906810036,0.014336917562724014,0.0
2730,0.0,0.0,0.0
2731,0.0,0.0,0.0
2732,0.0,0.0,0.0
2733,0.05190311418685121,0.0034602076124567475,
2734,0.0,0.0038461538461538464,
2735,0.0,0.0,0.0
2736,0.0,0.0,
2737,0.0,0.0,0.0
2738,0.0,0.0,0.0
2739,0.04814814814814815,0.0,
2740,0.018018018018018018,0.0,0.0
2741,0.0,0.0,0.0
2742,0.02909090909090909,0.07272727272727272,
2743,0.0,0.0035460992907801418,
2744,0.0,0.0,0.0
2745,0.0,0.0,0.0
2746,0.0,0.0,0.0
2747,0.2655172413793103,0.0,0.0
2748,0.0,0.0,0.0
2749,0.003676470588235294,0.0,0.0
2750,0.5157593123209169,0.022922636103151862,
2751,0.0,0.0,0.0
2752,0.0,0.0,0.0
2753,0.0,0.0,0.0
2754,0.0,0.0,0.0
2755,0.0,0.0,
2756,0.0,0.0,0.0
2757,0.0,0.0,
2758,0.006349206349206349,0.0031746031746031746,
2759,0.0,0.0,0.0
2760,0.045454545454545456,0.032467532467532464,
2761,0.0,0.0,0.0
2762,0.0,0.0,0.0
2763,0.01488095238095238,0.0,0.25
2764,0.0,0.0,
2765,0.0,0.0,0.0
2766,0.0,0.0,0.0
2767,0.00303951367781155,0.0,0.0
2768,0.0038910505836575876,0.0,0.0
2769,0.0,0.08045977011494253,
2770,0.0035714285714285713,0.0,0.0
2771,0.036,0.008,
2772,0.0,0.0,0.0
2773,0.4749262536873156,0.0,0.0
2774,0.0,0.008,
2775,0.0,0.0,0.0
2776,0.0,0.006872852233676976,
2777,0.0,0.0,0.0
2778,0.010899182561307902,0.0,0.9046321525885559
2779,0.0,0.0,0.0
2780,0.0,0.0,0.0
2781,0.0,0.0,0.0
2782,0.2422145328719723,0.031141868512110725,
2783,0.0,0.0,0.0
2784,0.0,0.0,0.0
2785,0.04513888888888889,0.03819444444444445,
2786,0.04924242424242424,0.003787878787878788,
2787,0.0,0.00390625,0.0
2788,0.0,0.0,0.0
2789,0.00819672131147541,0.0,0.8060109289617486
2790,0.0,0.0,0.0
2791,0.0,0.0,
2792,0.011538461538461539,0.06153846153846154,
2793,0.003816793893129771,0.03435114503816794,
2794,0.0,0.0,0.0
2795,0.0456140350877193,0.0,0.0
2796,0.003968253968253968,0.007936507936507936,
2797,0.0,0.007692307692307693,
2798,0.039735099337748346,0.12251655629139073,
2799,0.0,0.0,0.0
2800,0.0,0.0,0.0
2801,0.020080321285140562,0.0,
2802,0.014970059880239521,0.0,0.5718562874251497
2803,0.019011406844106463,0.0,0.0
2804,0.0035971223021582736,0.0,
2805,0.009900990099009901,0.0033003300330033004,
2806,0.06498194945848375,0.036101083032490974,
2807,0.0037593984962406013,0.0,0.0
2808,0.018633540372670808,0.006211180124223602,
2809,0.036,0.036,
2810,0.0,0.0,0.0
2811,0.0,0.0,0.0
2812,0.0,0.0,0.0
2813,0.0,0.0,
2814,0.0,0.0,0.0
2815,0.003952569169960474,0.0,0.0
2816,0.0,0.0,0.0
2817,0.0,0.0,0.0
2818,0.003816793893129771,0.007633587786259542,
2819,0.003246753246753247,0.0,0.0
2820,0.0,0.0,0.0
2821,0.010452961672473868,0.0,0.0
2822,0.007434944237918215,0.0,0.0
2823,0.0313588850174216,0.0,
2824,0.01556420233463035,0.027237354085603113,
2825,0.03289473684210526,0.0,
2826,0.2064516129032258,0.07741935483870968,
2827,0.0,0.0,0.0
2828,0.004347826086956522,0.0,0.0
2829,0.003875968992248062,0.0,0.0
2830,0.0,0.0,
2831,0.0,0.0070921985815602835,
2832,0.0,0.0,0.0
2833,0.0,0.0,0.0
2834,0.0,0.0,0.0
2835,0.0,0.0,0.0
2836,0.0,0.0,0.0
2837,0.007142857142857143,0.0,0.0
2838,0.003355704697986577,0.0,0.0
2839,0.028169014084507043,0.0,0.0
2840,0.06390977443609022,0.007518796992481203,
2841,0.0,0.0,0.0
2842,0.003257328990228013,0.0,
2843,0.23487544483985764,0.02491103202846975,
2844,0.003787878787878788,0.007575757575757576,
2845,0.0,0.0,
2846,0.0,0.0,0.0
2847,0.011019283746556474,0.0,0.8209366391184573
2848,0.0,0.0,
2849,0.0,0.0,0.0
2850,0.0,0.007751937984496124,
2851,0.0,0.0,0.0
2852,0.0034965034965034965,0.0,0.0
2853,0.0,0.0,0.0
2854,0.014760147601476014,0.0,
2855,0.0036496350364963502,0.0,
2856,0.025925925925925925,0.007407407407407408,
2857,0.003663003663003663,0.0,0.0
2858,0.007633587786259542,0.0,
2859,0.0,0.0,0.0
2860,0.0,0.0,0.0
2861,0.011111111111111112,0.018518518518518517,
2862,0.03759398496240601,0.02631578947368421,
2863,0.07547169811320754,0.0220125786163522,
2864,0.0,0.0,0.0
2865,0.003257328990228013,0.06514657980456026,
2866,0.023333333333333334,0.0,
2867,0.024734982332155476,0.0035335689045936395,
2868,0.003937007874015748,0.0,0.0
2869,0.007751937984496124,0.0,
2870,0.012779552715654952,0.0,0.5559105431309904
2871,0.0,0.0,
2872,0.009836065573770493,0.0,0.33114754098360655
2873,0.006993006993006993,0.0,0.0
2874,0.0,0.0,0.0
2875,0.0,0.0,0.0
2876,0.007936507936507936,0.0,
2877,0.0,0.0,0.0
2878,0.0,0.0,0.0
2879,0.0,0.0,0.0
2880,0.0,0.0,0.0
2881,0.05901639344262295,0.01639344262295082,
2882,0.0,0.0,0.0
2883,0.0,0.0029069767441860465,
2884,0.003676470588235294,0.0,0.0
2885,0.014134275618374558,0.0035335689045936395,
2886,0.23076923076923078,0.007326007326007326,
2887,0.0031746031746031746,0.0,0.0
2888,0.0,0.0,0.0
2889,0.0,0.0,0.0
2890,0.007692307692307693,0.019230769230769232,
2891,0.0,0.0,0.0
2892,0.022813688212927757,0.0,0.0
2893,0.007380073800738007,0.014760147601476014,
2894,0.0,0.0,0.0
2895,0.0912863070539419,0.008298755186721992,
2896,0.01718213058419244,0.0,0.0
2897,0.024193548387096774,0.036290322580645164,
2898,0.04240282685512368,0.0176678445229682,
2899,0.003968253968253968,0.0,
2900,0.0,0.0,0.0
2901,0.004081632653061225,0.0,0.0
2902,0.06666666666666667,0.011111111111111112,
2903,0.125,0.0,0.0
2904,0.0,0.0,0.0
2905,0.04477611940298507,0.0037313432835820895,
2906,0.0,0.0,0.0
2907,0.006269592476489028,0.012539184952978056,
2908,0.007326007326007326,0.0,
2909,0.0,0.0,
2910,0.0,0.0,
2911,0.007692307692307693,0.015384615384615385,
2912,0.011235955056179775,0.0,0.0
2913,0.02348993288590604,0.03691275167785235,
2914,0.014035087719298246,0.0,0.0
2915,0.0,0.0,0.0
2916,0.0,0.0,0.0
2917,0.0,0.0,0.0
2918,0.0,0.0,0.0
2919,0.0,0.0,0.0
2920,0.01593625498007968,0.00398406374501992,
2921,0.0,0.0,0.0
2922,0.0,0.0,0.0
2923,0.0,0.0,0.0
2924,0.04452054794520548,0.0547945205479452,
2925,0.0,0.0,0.0
2926,0.0,0.0,0.0
2927,0.008264462809917356,0.008264462809917356,
2928,0.0,0.0,0.0
2929,0.025,0.0,0.0
2930,0.00847457627118644,0.0,0.7429378531073446
2931,0.027874564459930314,0.006968641114982578,
2932,0.0,0.0,0.0
2933,0.0,0.0,0.0
2934,0.08860759493670886,0.016877637130801686,
2935,0.0,0.0,0.0
2936,0.02390438247011952,0.00398406374501992,
2937,0.0,0.0037593984962406013,0.0
2938,0.0,0.0,0.0
2939,0.0,0.0,0.0
2940,0.0,0.0,0.0
2941,0.011152416356877323,0.0,0.0
2942,0.0,0.0,0.0
2943,0.0,0.0,0.0
2944,0.102803738317757,0.0529595015576324,
2945,0.0,0.0,0.0
2946,0.0,0.0,0.0
2947,0.0,0.0,0.0
2948,0.12933753943217666,0.006309148264984227,
2949,0.0,0.0,0.0
2950,0.0,0.0,0.0
2951,0.0,0.0,0.0
2952,0.0,0.0,
2953,0.0,0.0,0.0
2954,0.0,0.0,
2955,0.007042253521126761,0.0035211267605633804,
2956,0.0035971223021582736,0.0,0.0
2957,0.0,0.0,0.0
2958,0.04477611940298507,0.0,0.0
2959,0.011494252873563218,0.0,0.0
2960,0.007407407407407408,0.0,0.0
2961,0.003205128205128205,0.0,0.0
2962,0.0,0.0,0.0
2963,0.006622516556291391,0.013245033112582781,
2964,0.0,0.004032258064516129,
2965,0.0,0.0,0.0
2966,0.009868421052631578,0.039473684210526314,
2967,0.0,0.0034482758620689655,
2968,0.0,0.0,0.0
2969,0.0,0.0,0.0
2970,0.0,0.0,
2971,0.011111111111111112,0.011111111111111112,
2972,0.0038314176245210726,0.0038314176245210726,
2973,0.11654135338345864,0.0037593984962406013,
2974,0.0,0.0,0.0
2975,0.0035087719298245615,0.0,0.0
2976,0.017064846416382253,0.0,0.0
2977,0.0,0.0,0.0
2978,0.007518796992481203,0.015037593984962405,
2979,0.0,0.0,0.0
2980,0.003389830508474576,0.0,0.0
2981,0.015267175572519083,0.0916030534351145,
2982,0.028070175438596492,0.0035087719298245615,
2983,0.0,0.0,0.0
2984,0.0037593984962406013,0.0,0.0
2985,0.0,0.0,0.0
2986,0.0,0.0,0.0
2987,0.0,0.0,0.0
2988,0.0,0.0,0.0
2989,0.006666666666666667,0.0,0.0
2990,0.011111111111111112,0.0,0.9111111111111111
2991,0.0,0.0,0.0
2992,0.04220779220779221,0.0,
2993,0.00967741935483871,0.0,
2994,0.0353356890459364,0.024734982332155476,
2995,0.0,0.0,0.0
2996,0.0034482758620689655,0.0034482758620689655,
2997,0.0,0.0,0.0
2998,0.0032258064516129032,0.0,0.0
2999,0.007352941176470588,0.0,0.0
3000,0.40718562874251496,0.0,0.0
3001,0.0,0.0,0.0
3002,0.0,0.0,0.0
3003,0.0,0.0,0.0
3004,0.0036231884057971015,0.0,0.0
3005,0.0,0.0,0.0
3006,0.0,0.0,0.0
3007,0.06333333333333334,0.013333333333333334,
3008,0.0,0.0,0.0
3009,0.0,0.0,0.0
3010,0.0036363636363636364,0.0,0.0
3011,0.0034482758620689655,0.04827586206896552,
3012,0.0,0.0,0.0
3013,0.0,0.0,0.0
3014,0.0,0.0,0.0
3015,0.0,0.0,0.0
3016,0.0,0.0035211267605633804,
3017,0.0,0.0,0.0
3018,0.0033333333333333335,0.0,
3019,0.0,0.0,0.0
3020,0.0,0.008438818565400843,
3021,0.0,0.0,0.0
3022,0.0,0.0,0.0
3023,0.0,0.0,0.0
3024,0.0,0.0,0.0
3025,0.0,0.0,0.0
3026,0.0,0.0036231884057971015,
3027,0.04878048780487805,0.06097560975609756,
3028,0.0,0.0,0.0
3029,0.0,0.0,0.0
3030,0.02356902356902357,0.010101010101010102,
3031,0.0,0.0,0.0
3032,0.0,0.0,
3033,0.0,0.0,0.0
3034,0.0,0.0,0.0
3035,0.0,0.0,0.0
3036,0.007407407407407408,0.0,0.0
3037,0.10652920962199312,0.006872852233676976,
3038,0.0,0.0,0.0
3039,0.06535947712418301,0.042483660130718956,
3040,0.002932551319648094,0.0,
3041,0.0,0.0,0.0
3042,0.01079136690647482,0.0035971223021582736,
3043,0.0,0.0,0.0
3044,0.0,0.0,0.0
3045,0.003816793893129771,0.0,
3046,0.05128205128205128,0.0,
3047,0.0,0.0,0.0
3048,0.05750798722044728,0.0,0.0
3049,0.0,0.0,
3050,0.024822695035460994,0.0,
3051,0.06938775510204082,0.0163265306122449,
3052,0.0,0.0,0.0
3053,0.0,0.0037174721189591076,0.0
3054,0.0,0.0,0.0
3055,0.0,0.0,0.0
3056,0.028481012658227847,0.0,0.11708860759493671
3057,0.0034482758620689655,0.0,
3058,0.011494252873563218,0.0,
3059,0.006666666666666667,0.0,0.0
3060,0.021352313167259787,0.0,
3061,0.0,0.0,
3062,0.00980392156862745,0.006535947712418301,
3063,0.0,0.0,0.0
3064,0.0,0.0,0.0
3065,0.0035335689045936395,0.01060070671378092,0.0
3066,0.04013377926421405,0.023411371237458192,
3067,0.0,0.0,0.0
3068,0.0,0.0,
3069,0.0,0.0,
3070,0.0,0.0,0.0
3071,0.09195402298850575,0.019157088122605363,
3072,0.018518518518518517,0.0,0.0
3073,0.027303754266211604,0.0,0.0
3074,0.0,0.0,0.0
3075,0.0,0.0,0.0
3076,0.14186851211072665,0.06920415224913495,
3077,0.03672316384180791,0.0,0.751412429378531
3078,0.0,0.0,0.0
3079,0.0,0.0,0.0
3080,0.0,0.003389830508474576,
3081,0.0,0.0,0.0
3082,0.0,0.0,0.0
3083,0.0,0.0,0.0
3084,0.0036231884057971015,0.0,0.0
3085,0.0,0.03543307086614173,
3086,0.0,0.0,0.0
3087,0.0,0.0,0.0
3088,0.006666666666666667,0.01,
3089,0.0,0.0,0.0
3090,0.13690476190476192,0.023809523809523808,
3091,0.014245014245014245,0.0,0.7806267806267806
3092,0.009966777408637873,0.0,0.0
3093,0.0,0.0,0.0
3094,0.0,0.0,0.0
3095,0.07037037037037037,0.022222222222222223,
3096,0.026717557251908396,0.0,0.0
3097,0.008264462809917356,0.0,0.8126721763085399
3098,0.0,0.0,0.0
3099,0.003115264797507788,0.0,0.0
3100,0.0,0.0,0.0
3101,0.017123287671232876,0.0,0.0
3102,0.0,0.0,0.0
3103,0.0,0.0,0.0
3104,0.0037593984962406013,0.0,0.0
3105,0.04330708661417323,0.027559055118110236,
3106,0.07042253521126761,0.02112676056338028,
3107,0.0,0.0,0.0
3108,0.00423728813559322,0.00423728813559322,
3109,0.010899182561307902,0.0,0.8010899182561307
3110,0.0,0.0,0.0
3111,0.0,0.017421602787456445,
3112,0.0031847133757961785,0.0,0.0
3113,0.011527377521613832,0.0,0.760806916426513
3114,0.00784313725490196,0.011764705882352941,
3115,0.007547169811320755,0.0,0.0
3116,0.22185430463576158,0.09271523178807947,
3117,0.0,0.0,0.0
3118,0.0031645569620253164,0.0,0.0
3119,0.0,0.0,0.0
3120,0.0,0.0,0.0
3121,0.06405693950177936,0.0071174377224199285,
3122,0.0,0.0,0.0
3123,0.0,0.0,0.0
3124,0.007352941176470588,0.014705882352941176,
3125,0.003861003861003861,0.011583011583011582,0.0
3126,0.00784313725490196,0.011764705882352941,
3127,0.028070175438596492,0.0,0.0
3128,0.0,0.0379746835443038,
3129,0.0,0.0,0.0
3130,0.00390625,0.0,
3131,0.0,0.0,0.0
3132,0.0,0.003355704697986577,
3133,0.0,0.0,0.0
3134,0.0,0.0,0.0
3135,0.0,0.0,0.0
3136,0.0,0.0,0.0
3137,0.0,0.0,0.0
3138,0.0036363636363636364,0.0,0.0
3139,0.0,0.0,0.0
3140,0.0,0.0,0.0
3141,0.006711409395973154,0.0,0.2751677852348993
3142,0.0035460992907801418,0.0,0.0
3143,0.08169934640522876,0.006535947712418301,
3144,0.014705882352941176,0.0,0.0
3145,0.10064935064935066,0.048701298701298704,
3146,0.0,0.0,0.0
3147,0.048,0.0,0.0
3148,0.018867924528301886,0.0,0.0
3149,0.048582995951417005,0.004048582995951417,
3150,0.03757225433526012,0.0,0.44508670520231214
3151,0.0,0.0,
3152,0.0,0.0,0.0
3153,0.003246753246753247,0.0,0.0
3154,0.01,0.013333333333333334,
3155,0.00392156862745098,0.0,0.0
3156,0.0035211267605633804,0.0,0.0
3157,0.02564102564102564,0.0,
3158,0.0,0.0,0.0
3159,0.0,0.0,0.0
3160,0.010101010101010102,0.0,0.0
3161,0.04482758620689655,0.0,0.0
3162,0.0,0.0036101083032490976,
3163,0.0,0.0,0.0
3164,0.024390243902439025,0.0,
3165,0.15932203389830507,0.01694915254237288,
3166,0.05785123966942149,0.0371900826446281,
3167,0.0,0.0,0.0
3168,0.0,0.0,0.0
3169,0.18815331010452963,0.04878048780487805,
3170,0.0,0.0,0.0
3171,0.0,0.0,0.0
3172,0.0,0.0,0.0
3173,0.0,0.0,0.0
3174,0.0035087719298245615,0.0,
3175,0.003663003663003663,0.0,0.0
3176,0.043824701195219126,0.00398406374501992,
3177,0.0,0.0,0.0
3178,0.0,0.0,0.0
3179,0.03819444444444445,0.006944444444444444,
3180,0.0,0.0,0.0
3181,0.0,0.0,0.0
3182,0.0,0.0,0.0
3183,0.0,0.0,0.0
3184,0.006756756756756757,0.0,0.0
3185,0.008310249307479225,0.0,0.7811634349030471
3186,0.0038314176245210726,0.06896551724137931,
3187,0.004048582995951417,0.0,0.0
3188,0.0,0.0,0.0
3189,0.0,0.0,0.0
3190,0.041353383458646614,0.0,0.0
3191,0.00390625,0.015625,
3192,0.0,0.0,0.0
3193,0.01524390243902439,0.0,0.6615853658536586
3194,0.0,0.0,0.0
3195,0.0121580547112462,0.0,0.4316109422492401
3196,0.0035714285714285713,0.0,0.0
3197,0.05263157894736842,0.004048582995951417,
3198,0.02287581699346405,0.013071895424836602,
3199,0.003816793893129771,0.019083969465648856,
3200,0.007194244604316547,0.0,0.0
3201,0.0,0.0,0.0
3202,0.006578947368421052,0.0,0.32894736842105265
3203,0.0,0.0,0.0
3204,0.21610169491525424,0.00423728813559322,
3205,0.022099447513812154,0.0,0.5414364640883977
3206,0.027559055118110236,0.003937007874015748,
3207,0.0,0.0,0.0
3208,0.0,0.0,0.0
3209,0.0,0.023809523809523808,
3210,0.02681992337164751,0.011494252873563218,
3211,0.0,0.0,0.0
3212,0.0037174721189591076,0.0,0.0
3213,0.0,0.0,0.0
3214,0.006756756756756757,0.0,0.0
3215,0.0,0.0,0.0
3216,0.0,0.0,0.0
3217,0.0,0.0,0.0
3218,0.0234375,0.0,0.0
3219,0.006535947712418301,0.0,
3220,0.15737704918032788,0.003278688524590164,
3221,0.028037383177570093,0.006230529595015576,
3222,0.3258064516129032,0.00967741935483871,
3223,0.0,0.0035335689045936395,
3224,0.0,0.0,
3225,0.0,0.0,0.0
3226,0.008298755186721992,0.012448132780082987,
3227,0.0,0.0,0.0
3228,0.031141868512110725,0.0,0.0
3229,0.015772870662460567,0.0,0.3028391167192429
3230,0.0,0.0,0.0
3231,0.0,0.0,0.0
3232,0.06048387096774194,0.036290322580645164,
3233,0.0036101083032490976,0.0,0.0
3234,0.023809523809523808,0.0,0.5386904761904762
3235,0.0,0.011363636363636364,
3236,0.0,0.12758620689655173,
3237,0.0273972602739726,0.0,0.7287671232876712
3238,0.0,0.0,0.0
3239,0.0,0.0,0.0
3240,0.022388059701492536,0.0,0.0
3241,0.0,0.0,0.0
3242,0.021052631578947368,0.0,0.0
3243,0.0,0.0,0.0
3244,0.0,0.0,0.0
3245,0.0,0.0,0.0
3246,0.028169014084507043,0.0,0.7492957746478873
3247,0.0,0.0,0.0
3248,0.00796812749003984,0.0,0.0
3249,0.0,0.0,0.0
3250,0.0121580547112462,0.0,0.44984802431610943
3251,0.003472222222222222,0.0,
3252,0.0,0.0,0.0
3253,0.05102040816326531,0.013605442176870748,
3254,0.05514705882352941,0.04411764705882353,
3255,0.0,0.0,
3256,0.0035714285714285713,0.0,0.0
3257,0.0036496350364963502,0.0,0.0
3258,0.0,0.0,0.0
3259,0.0,0.0,
3260,0.013157894736842105,0.02631578947368421,
3261,0.04,0.0,0.0
3262,0.0,0.0,0.0
3263,0.0,0.0,
3264,0.0,0.0,0.0
3265,0.0033112582781456954,0.0,0.0
3266,0.007042253521126761,0.0,0.0
3267,0.0,0.0,
3268,0.0,0.0,0.0
3269,0.029508196721311476,0.0,0.0
3270,0.015810276679841896,0.003952569169960474,
3271,0.0,0.040740740740740744,
3272,0.0,0.0,0.0
3273,0.0,0.0,0.0
3274,0.0,0.0,
3275,0.0,0.0,0.0
3276,0.02857142857142857,0.0,0.6
3277,0.007518796992481203,0.0037593984962406013,
3278,0.0,0.0,0.0
3279,0.0,0.0,0.0
3280,0.003048780487804878,0.021341463414634148,
3281,0.0,0.0,0.0
3282,0.03767123287671233,0.0,0.0
3283,0.003205128205128205,0.003205128205128205,0.0
3284,0.015267175572519083,0.0,0.0
3285,0.016181229773462782,0.0,0.0
3286,0.011594202898550725,0.0,0.8144927536231884
3287,0.025974025974025976,0.0,0.0
3288,0.02456140350877193,0.007017543859649123,
3289,0.0,0.006389776357827476,
3290,0.0,0.0,0.0
3291,0.0,0.0,
3292,0.0,0.0,0.0
3293,0.010958904109589041,0.0,0.8136986301369863
3294,0.0037593984962406013,0.0037593984962406013,0.0
3295,0.0,0.0,0.0
3296,0.0,0.0,0.0
3297,0.019011406844106463,0.0038022813688212928,
3298,0.07540983606557378,0.07540983606557378,
3299,0.0,0.0,0.0
3300,0.0,0.0,0.0
3301,0.0,0.06367041198501873,
3302,0.007518796992481203,0.02631578947368421,
3303,0.0,0.0,0.0
3304,0.0,0.045454545454545456,
3305,0.02459016393442623,0.0,0.6939890710382514
3306,0.055944055944055944,0.0,
3307,0.0071174377224199285,0.0,0.0
3308,0.0,0.0,0.0
3309,0.026717557251908396,0.0,0.0
3310,0.17532467532467533,0.0,
3311,0.0035587188612099642,0.0,
3312,0.0,0.0,0.0
3313,0.013774104683195593,0.0,0.8705234159779615
3314,0.02967359050445104,0.0,0.7002967359050445
3315,0.0392156862745098,0.032679738562091505,
3316,0.002967359050445104,0.0,0.0
3317,0.0,0.0,0.0
3318,0.03543307086614173,0.0,0.0
3319,0.0,0.010416666666666666,
3320,0.2536231884057971,0.036231884057971016,
3321,0.0111731843575419,0.0,0.8212290502793296
3322,0.07216494845360824,0.0,
3323,0.19791666666666666,0.010416666666666666,
3324,0.0033783783783783786,0.0,0.0
3325,0.0,0.0,0.0
3326,0.03821656050955414,0.0,0.0
3327,0.006472491909385114,0.0,0.0
3328,0.014035087719298246,0.0,
3329,0.0034129692832764505,0.010238907849829351,
3330,0.007042253521126761,0.007042253521126761,
3331,0.045283018867924525,0.011320754716981131,
3332,0.0,0.0,0.0
3333,0.0,0.0,0.0
3334,0.0,0.0,0.0
3335,0.045454545454545456,0.0,
3336,0.0,0.0,0.0
3337,0.0189873417721519,0.0031645569620253164,
3338,0.0,0.0,0.0
3339,0.015105740181268883,0.006042296072507553,
3340,0.0,0.0,0.0
3341,0.01483679525222552,0.0,0.0
3342,0.0,0.0,0.0
3343,0.41114982578397213,0.0,
3344,0.031007751937984496,0.0,0.0
3345,0.0,0.0,0.0
3346,0.0,0.0,0.0
3347,0.0,0.0,0.0
3348,0.00398406374501992,0.01593625498007968,
3349,0.0,0.0,0.0
3350,0.008982035928143712,0.0029940119760479044,
3351,0.0,0.0,0.0
3352,0.03498542274052478,0.0,0.5160349854227405
3353,0.0,0.0,0.0
3354,0.008,0.0,0.0
3355,0.0035211267605633804,0.0,0.0
3356,0.028469750889679714,0.014234875444839857,
3357,0.12313432835820895,0.007462686567164179,
3358,0.0078125,0.0234375,
3359,0.1111111111111111,0.020202020202020204,
3360,0.008379888268156424,0.0,0.8240223463687151
3361,0.0,0.0,
3362,0.007017543859649123,0.0,0.34035087719298246
3363,0.09782608695652174,0.021739130434782608,
3364,0.0,0.0,0.0
3365,0.013468013468013467,0.010101010101010102,
3366,0.0,0.03125,
3367,0.0,0.003875968992248062,
3368,0.0,0.0,0.0
3369,0.010033444816053512,0.0,
3370,0.0,0.0,0.0
3371,0.03529411764705882,0.07058823529411765,
3372,0.04421768707482993,0.013605442176870748,
3373,0.0,0.007518796992481203,0.0
3374,0.0,0.0,0.0
3375,0.0,0.0,0.0
3376,0.0,0.0,
3377,0.0070921985815602835,0.0,0.0
3378,0.20689655172413793,0.01532567049808429,
3379,0.023972602739726026,0.05821917808219178,
3380,0.0,0.0,
3381,0.04892966360856269,0.03669724770642202,
3382,0.0,0.0,0.0
3383,0.006644518272425249,0.11960132890365449,
3384,0.0,0.0,0.0
3385,0.016778523489932886,0.0,
3386,0.020689655172413793,0.0,
3387,0.011299435028248588,0.0,0.7937853107344632
3388,0.0,0.0,0.0
3389,0.0,0.0,0.0
3390,0.010309278350515464,0.0,0.0
3391,0.009287925696594427,0.0,0.0
3392,0.0036363636363636364,0.0,0.0
3393,0.0,0.0,0.0
3394,0.0,0.0,0.0
3395,0.03474903474903475,0.0,
3396,0.40524781341107874,0.0,0.0
3397,0.0030120481927710845,0.0030120481927710845,
3398,0.0,0.0034965034965034965,
3399,0.0,0.003703703703703704,
3400,0.00847457627118644,0.0,0.0
3401,0.0,0.0,0.0
3402,0.0,0.0,0.0
3403,0.02127659574468085,0.0,0.0
3404,0.0,0.0,
3405,0.0035842293906810036,0.0,
3406,0.0,0.0,0.0
3407,0.37216828478964403,0.06472491909385113,
3408,0.011904761904761904,0.0,0.8125
3409,0.0078125,0.0,
3410,0.06666666666666667,0.027450980392156862,
3411,0.24671052631578946,0.0,0.0
3412,0.0,0.0,0.0
3413,0.0,0.0,0.0
3414,0.0,0.0,0.0
3415,0.0,0.0,0.0
3416,0.0,0.0,0.0
3417,0.020905923344947737,0.0627177700348432,
3418,0.0,0.0035211267605633804,0.0
3419,0.046296296296296294,0.0,
3420,0.0,0.0,0.0
3421,0.0,0.0,0.0
3422,0.004132231404958678,0.0,
3423,0.0,0.0,
3424,0.0,0.0,0.0
3425,0.3556231003039514,0.015197568389057751,
3426,0.0,0.0,0.0
3427,0.015772870662460567,0.0,0.5488958990536278
3428,0.0,0.0,0.0
3429,0.0,0.0,0.0
3430,0.0,0.0,0.0
3431,0.0,0.0,0.0
3432,0.0,0.024822695035460994,
3433,0.0,0.0,0.0
3434,0.0035335689045936395,0.0,0.0
3435,0.0,0.0,0.0
3436,0.007067137809187279,0.0,0.0
3437,0.0032258064516129032,0.0,0.0
3438,0.0,0.0,0.0
3439,0.025,0.020833333333333332,
3440,0.007662835249042145,0.0038314176245210726,
3441,0.01912568306010929,0.0,0.0
3442,0.0,0.0,0.0
3443,0.0,0.0,0.0
3444,0.019083969465648856,0.0,
3445,0.0034129692832764505,0.0,
3446,0.007518796992481203,0.0,0.0
3447,0.0,0.0,0.0
3448,0.045454545454545456,0.015151515151515152,
3449,0.007220216606498195,0.0,0.0
3450,0.0,0.0,0.0
3451,0.012738853503184714,0.0,0.29936305732484075
3452,0.0,0.0,
3453,0.05734767025089606,0.007168458781362007,
3454,0.039525691699604744,0.003952569169960474,
3455,0.02867383512544803,0.0,0.0
3456,0.0,0.0,0.0
3457,0.015810276679841896,0.0,0.0
3458,0.0,0.0,
3459,0.0,0.0,0.0
3460,0.010067114093959731,0.003355704697986577,
3461,0.035326086956521736,0.0,0.8288043478260869
3462,0.0,0.0,0.0
3463,0.0,0.0,
3464,0.0,0.0,0.0
3465,0.0273972602739726,0.0,0.4863013698630137
3466,0.0,0.020771513353115726,
3467,0.04132231404958678,0.0,0.15289256198347106
3468,0.0,0.0,0.0
3469,0.051118210862619806,0.0,0.0
3470,0.0,0.0,0.0
3471,0.003194888178913738,0.0,0.0
3472,0.0031446540880503146,0.0,0.0
3473,0.007782101167315175,0.0,0.0
3474,0.0,0.0,0.0
3475,0.003816793893129771,0.0,0.0
3476,0.006920415224913495,0.0,
3477,0.0,0.0,0.0
3478,0.008368200836820083,0.016736401673640166,
3479,0.0,0.0,0.0
3480,0.0072992700729927005,0.0,0.0
3481,0.0,0.0,0.0
3482,0.0,0.0,0.0
3483,0.04929577464788732,0.0,0.0
3484,0.0,0.0,0.0
3485,0.0,0.0,0.0
3486,0.03058103975535168,0.0,0.7217125382262997
3487,0.0,0.0,0.0
3488,0.0,0.0,
3489,0.0353356890459364,0.0,
3490,0.01098901098901099,0.007326007326007326,
3491,0.0,0.0,0.0
3492,0.08745247148288973,0.0,0.0
3493,0.0031545741324921135,0.006309148264984227,
3494,0.01060070671378092,0.0,0.0
3495,0.0,0.026717557251908396,
3496,0.007518796992481203,0.0,0.0
3497,0.0,0.0,0.0
3498,0.3569023569023569,0.04713804713804714,
3499,0.0,0.025396825396825397,
3500,0.06143344709897611,0.006825938566552901,
3501,0.0,0.0,0.0
3502,0.0,0.0,0.0
3503,0.0,0.0,0.0
3504,0.003745318352059925,0.0,0.0
3505,0.019455252918287938,0.023346303501945526,
3506,0.0037593984962406013,0.0037593984962406013,
3507,0.03216374269005848,0.0,0.6900584795321637
3508,0.0,0.0,0.0
3509,0.017543859649122806,0.0,0.0
3510,0.0,0.0,0.0
3511,0.028169014084507043,0.0,0.0
3512,0.0,0.0,0.0
3513,0.0037593984962406013,0.015037593984962405,
3514,0.040145985401459854,0.0,
3515,0.0,0.0,0.0
3516,0.00749063670411985,0.00749063670411985,
3517,0.00641025641025641,0.01282051282051282,
3518,0.0,0.0,0.0
3519,0.023972602739726026,0.0,0.0
3520,0.003676470588235294,0.0,
3521,0.0,0.0,0.0
3522,0.0038910505836575876,0.007782101167315175,0.0
3523,0.0,0.0,0.0
3524,0.0,0.0,0.0
3525,0.0,0.0,0.0
3526,0.0,0.0,0.0
3527,0.0,0.0,0.0
3528,0.0,0.0,0.0
3529,0.0,0.0,0.0
3530,0.006944444444444444,0.0,0.0
3531,0.0,0.0,0.0
3532,0.0,0.0,0.0
3533,0.0,0.0,0.0
3534,0.0,0.0,0.0
3535,0.0076045627376425855,0.0,
3536,0.0,0.0,0.0
3537,0.006711409395973154,0.010067114093959731,
3538,0.0,0.0,0.0
3539,0.0,0.0,0.0
3540,0.0,0.0,0.0
3541,0.0,0.0,0.0
3542,0.0,0.0353356890459364,
3543,0.0,0.0,0.0
3544,0.01824817518248175,0.010948905109489052,
3545,0.0,0.0,0.0
3546,0.0,0.0,0.0
3547,0.0,0.0,0.0
3548,0.0,0.003424657534246575,0.0
3549,0.007352941176470588,0.007352941176470588,
3550,0.0,0.003278688524590164,
3551,0.0036496350364963502,0.0,0.0
3552,0.01675977653631285,0.0,0.8268156424581006
3553,0.016233766233766232,0.0,0.2727272727272727
3554,0.006600660066006601,0.0,0.27722772277227725
3555,0.0,0.0,0.0
3556,0.003816793893129771,0.015267175572519083,
3557,0.0,0.006968641114982578,
3558,0.0,0.0,0.0
3559,0.007220216606498195,0.02527075812274368,
3560,0.020172910662824207,0.0,0.3688760806916426
3561,0.057692307692307696,0.0,
3562,0.013736263736263736,0.0,0.48626373626373626
3563,0.0,0.0,0.0
3564,0.0,0.0,0.0
3565,0.0,0.006968641114982578,0.0
3566,0.0,0.0035211267605633804,0.0
3567,0.014970059880239521,0.0,0.0
3568,0.03515625,0.00390625,
3569,0.0030959752321981426,0.0,0.0
3570,0.0,0.0033112582781456954,
3571,0.0,0.0,0.0
3572,0.038834951456310676,0.0,
3573,0.3196480938416422,0.002932551319648094,
3574,0.0,0.0,0.0
3575,0.06461538461538462,0.006153846153846154,
3576,0.019337016574585635,0.0,0.7817679558011049
3577,0.0,0.0,0.0
3578,0.0031545741324921135,0.0,0.0
3579,0.18238993710691823,0.0,
3580,0.0,0.0,0.0
3581,0.0035714285714285713,0.0,0.0
3582,0.0,0.0,0.0
3583,0.0,0.0071174377224199285,
3584,0.0,0.01090909090909091,
3585,0.346875,0.0,0.0
3586,0.0,0.0,0.0
3587,0.0,0.0,
3588,0.0,0.0,0.0
3589,0.0,0.0,0.0
3590,0.0036900369003690036,0.0,0.0
3591,0.0,0.0,0.0
3592,0.0,0.007462686567164179,
3593,0.0392156862745098,0.0,0.0
3594,0.003257328990228013,0.0,0.0
3595,0.0,0.0,0.0
3596,0.007042253521126761,0.0,0.0
3597,0.0,0.0,0.0
3598,0.017793594306049824,0.0,
3599,0.043478260869565216,0.0036231884057971015,
3600,0.0,0.0,0.0
3601,0.012048192771084338,0.020080321285140562,
3602,0.03914590747330961,0.0,0.0
3603,0.0,0.0,0.0
3604,0.00819672131147541,0.0,0.0
3605,0.03816793893129771,0.019083969465648856,
3606,0.003816793893129771,0.015267175572519083,
3607,0.0,0.0,
3608,0.03180212014134275,0.01060070671378092,
3609,0.0,0.0,0.0
3610,0.0,0.0,0.0
3611,0.0035211267605633804,0.0,0.0
3612,0.003472222222222222,0.0,0.0
3613,0.0036231884057971015,0.0,0.0
3614,0.013377926421404682,0.0,0.5719063545150501
3615,0.006369426751592357,0.0,0.0
3616,0.0,0.0,
3617,0.0,0.0,0.0
3618,0.12631578947368421,0.017543859649122806,
3619,0.0,0.0,0.0
3620,0.007352941176470588,0.003676470588235294,
3621,0.0,0.0,0.0
3622,0.17592592592592593,0.0,0.024691358024691357
3623,0.0,0.0,0.0
3624,0.0,0.0,0.0
3625,0.0,0.0,0.0
3626,0.0,0.0,0.0
3627,0.0125,0.0,0.65
3628,0.003472222222222222,0.006944444444444444,
3629,0.0,0.0,
3630,0.0,0.014545454545454545,
3631,0.020161290322580645,0.004032258064516129,
3632,0.006535947712418301,0.0,
3633,0.0,0.0,0.0
3634,0.034722222222222224,0.034722222222222224,
3635,0.0,0.0,0.0
3636,0.0,0.0,0.0
3637,0.06302521008403361,0.0,0.0
3638,0.0033444816053511705,0.0,0.0
3639,0.03875968992248062,0.050387596899224806,
3640,0.02857142857142857,0.004081632653061225,
3641,0.007633587786259542,0.0,
3642,0.007874015748031496,0.0,0.1968503937007874
3643,0.0,0.0,0.0
3644,0.0,0.0,0.0
3645,0.020338983050847456,0.0,0.2847457627118644
3646,0.0038314176245210726,0.0,
3647,0.09090909090909091,0.017482517482517484,
3648,0.0,0.0,0.0
3649,0.0,0.0,0.0
3650,0.0034129692832764505,0.0,0.0
3651,0.0,0.0,0.0
3652,0.15942028985507245,0.11956521739130435,
3653,0.0038461538461538464,0.0,
3654,0.0,0.0,0.0
3655,0.011235955056179775,0.0,
3656,0.019011406844106463,0.019011406844106463,
3657,0.0,0.0,0.0
3658,0.0035842293906810036,0.007168458781362007,
3659,0.0035211267605633804,0.0,0.0
3660,0.0,0.0,0.0
3661,0.0,0.0,0.0
3662,0.007220216606498195,0.0,
3663,0.0,0.0,0.0
3664,0.04929577464788732,0.0,
3665,0.017482517482517484,0.0,0.0
3666,0.0,0.0,0.0
3667,0.5552407932011332,0.0,0.0028328611898017
3668,0.0,0.0,0.0
3669,0.03546099290780142,0.02127659574468085,
3670,0.0,0.0,0.0
3671,0.003194888178913738,0.0,0.0
3672,0.022900763358778626,0.019083969465648856,
3673,0.037463976945244955,0.0,0.0
3674,0.01509433962264151,0.022641509433962263,
3675,0.0032258064516129032,0.0,0.0
3676,0.0,0.02054794520547945,
3677,0.0,0.0,
3678,0.0,0.0,0.0
3679,0.0,0.0,0.0
3680,0.0,0.0,
3681,0.0,0.0,0.0
3682,0.03260869565217391,0.0036231884057971015,0.0
3683,0.0,0.0,0.0
3684,0.023972602739726026,0.0,0.0
3685,0.0,0.011764705882352941,
3686,0.026119402985074626,0.0,
3687,0.0030864197530864196,0.0,0.0
3688,0.02422145328719723,0.0034602076124567475,
3689,0.0,0.0,0.0
3690,0.0,0.0038910505836575876,
3691,0.029304029304029304,0.0,0.0
3692,0.0,0.0,0.0
3693,0.004273504273504274,0.0,
3694,0.0,0.02464788732394366,
3695,0.0,0.0,0.0
3696,0.007874015748031496,0.051181102362204724,
3697,0.006711409395973154,0.0,0.0
3698,0.008032128514056224,0.024096385542168676,
3699,0.006369426751592357,0.03184713375796178,
3700,0.0,0.0,0.0
3701,0.0,0.0,0.0
3702,0.0035842293906810036,0.0,0.0
3703,0.003424657534246575,0.017123287671232876,
3704,0.0,0.0,0.0
3705,0.18596491228070175,0.017543859649122806,
3706,0.0,0.0,0.0
3707,0.044444444444444446,0.0,0.0
3708,0.0111731843575419,0.0,0.8296089385474861
3709,0.012244897959183673,0.0,
3710,0.0035211267605633804,0.0,0.0
3711,0.0,0.0,0.0
3712,0.003663003663003663,0.007326007326007326,
3713,0.006779661016949152,0.0,0.0
3714,0.045627376425855515,0.04182509505703422,
3715,0.0,0.0,0.0
3716,0.0,0.0,0.0
3717,0.0,0.006993006993006993,
3718,0.0,0.0,0.0
3719,0.0,0.0,0.0
3720,0.06227106227106227,0.0,0.0
3721,0.0,0.0,0.0
3722,0.0,0.0,0.0
3723,0.016339869281045753,0.0,0.3235294117647059
3724,0.0031446540880503146,0.0,0.0
3725,0.0035335689045936395,0.0,
3726,0.0,0.0,
3727,0.003484320557491289,0.0,0.0
3728,0.02564102564102564,0.007326007326007326,
3729,0.11567164179104478,0.014925373134328358,
3730,0.0,0.0,0.0
3731,0.0,0.0,0.0
3732,0.0,0.016129032258064516,
3733,0.0,0.0,0.0
3734,0.0,0.0,0.0
3735,0.018518518518518517,0.0030864197530864196,
3736,0.0036231884057971015,0.018115942028985508,
3737,0.0,0.0,0.0
3738,0.016181229773462782,0.0,0.7022653721682848
3739,0.0364963503649635,0.014598540145985401,
3740,0.0,0.0,0.0
3741,0.0,0.0,0.0
3742,0.0,0.0,0.0
3743,0.0,0.0,0.0
3744,0.050724637681159424,0.0,
3745,0.04332129963898917,0.02527075812274368,
3746,0.08403361344537816,0.014005602240896359,
3747,0.003676470588235294,0.0,
3748,0.017605633802816902,0.0,0.0
3749,0.0034602076124567475,0.0,0.0
3750,0.004016064257028112,0.004016064257028112,
3751,0.1346153846153846,0.1401098901098901,
3752,0.036036036036036036,0.0,0.7987987987987988
3753,0.01912568306010929,0.0,0.8797814207650273
3754,0.5521472392638037,0.0,
3755,0.0,0.0,0.0
3756,0.0,0.0,0.0
3757,0.03474903474903475,0.0,
3758,0.0,0.0,0.0
3759,0.058394160583941604,0.010948905109489052,
3760,0.0,0.0,0.0
3761,0.0,0.0,0.0
3762,0.0,0.0,0.0
3763,0.041237113402061855,0.0,0.0
3764,0.0,0.0,0.0
3765,0.012987012987012988,0.0,
3766,0.0,0.01486988847583643,
3767,0.0,0.0,0.0
3768,0.04713804713804714,0.0707070707070707,
3769,0.0036900369003690036,0.0,0.0
3770,0.006872852233676976,0.0,0.0
3771,0.0,0.0,0.0
3772,0.01567398119122257,0.0,0.0
3773,0.0,0.0,0.0
3774,0.0,0.056179775280898875,
3775,0.013513513513513514,0.0,0.0
3776,0.011019283746556474,0.0,0.9035812672176309
3777,0.013793103448275862,0.0,0.0
3778,0.004219409282700422,0.004219409282700422,
3779,0.07368421052631578,0.017543859649122806,
3780,0.0,0.0,0.0
3781,0.025,0.0,0.0
3782,0.0,0.0,0.0
3783,0.05228758169934641,0.06535947712418301,
3784,0.0035335689045936395,0.0,0.0
3785,0.03571428571428571,0.01984126984126984,
3786,0.003937007874015748,0.0,
3787,0.0,0.0,0.0
3788,0.0,0.0,0.0
3789,0.0,0.0,
3790,0.059602649006622516,0.013245033112582781,
3791,0.0,0.0,0.0
3792,0.6006191950464397,0.01238390092879257,
3793,0.0,0.0,0.0
3794,0.0,0.0,0.0
3795,0.02491103202846975,0.0035587188612099642,
3796,0.0,0.003663003663003663,0.0
3797,0.0,0.0,0.0
3798,0.0,0.0,0.0
3799,0.031746031746031744,0.007936507936507936,
3800,0.0,0.0,0.0
3801,0.0,0.0,
3802,0.0,0.0,0.0
3803,0.0,0.0,0.0
3804,0.003968253968253968,0.011904761904761904,
3805,0.0,0.0,0.0
3806,0.0,0.0,0.0
3807,0.007272727272727273,0.03272727272727273,
3808,0.0,0.0,0.0
3809,0.04597701149425287,0.0,
3810,0.0,0.0,0.0
3811,0.0,0.0,0.0
3812,0.0,0.043478260869565216,
3813,0.0,0.0,0.0
3814,0.0,0.0,0.0
3815,0.0,0.0,
3816,0.0,0.0,0.0
3817,0.008264462809917356,0.0,0.8126721763085399
3818,0.027586206896551724,0.0,0.0
3819,0.0,0.0,0.0
3820,0.0,0.0,0.0
3821,0.0113314447592068,0.0,0.49291784702549574
3822,0.0035335689045936395,0.014134275618374558,0.0
3823,0.0,0.0,0.0
3824,0.0,0.0,0.0
3825,0.0,0.0,0.0
3826,0.0,0.0,0.0
3827,0.0,0.0,0.0
3828,0.03375527426160337,0.0,
3829,0.0037313432835820895,0.018656716417910446,
3830,0.0,0.0038314176245210726,0.0
3831,0.0,0.0,0.0
3832,0.03484320557491289,0.0,0.2926829268292683
3833,0.0,0.0,0.0
3834,0.0,0.0,0.0
3835,0.0,0.0,0.0
3836,0.0034965034965034965,0.0,0.0
3837,0.046610169491525424,0.00847457627118644,
3838,0.0,0.0,0.0
3839,0.02348993288590604,0.05704697986577181,
3840,0.0,0.0,0.0
3841,0.0,0.0,0.0
3842,0.011152416356877323,0.0,0.0
3843,0.04980842911877394,0.0,
3844,0.0,0.0,0.0
3845,0.0,0.007220216606498195,
3846,0.0,0.03125,
3847,0.0,0.0,0.0
3848,0.0,0.0035714285714285713,
3849,0.0,0.0,
3850,0.0,0.0,0.0
3851,0.0,0.0,
3852,0.0,0.0,0.0
3853,0.0,0.0,0.0
3854,0.0038910505836575876,0.011673151750972763,
3855,0.08411214953271028,0.021806853582554516,
3856,0.0,0.0,
3857,0.0,0.0,0.0
3858,0.0037313432835820895,0.0,0.0
3859,0.0,0.0,0.0
3860,0.011235955056179775,0.003745318352059925,
3861,0.0035087719298245615,0.0035087719298245615,
3862,0.0,0.0,0.0
3863,0.00390625,0.0,
3864,0.003703703703703704,0.0,0.0
3865,0.05934718100890208,0.0,0.0
3866,0.0,0.0,0.0
3867,0.006896551724137931,0.02413793103448276,
3868,0.003816793893129771,0.003816793893129771,
3869,0.0,0.0,0.0
3870,0.07194244604316546,0.017985611510791366,
3871,0.0,0.0,0.0
3872,0.05905511811023622,0.0,
3873,0.0,0.0,0.0
3874,0.02564102564102564,0.0,0.0
3875,0.0,0.0,0.0
3876,0.0273972602739726,0.0,0.7863013698630137
3877,0.032846715328467155,0.0,0.0
3878,0.0,0.0,0.0
3879,0.07722007722007722,0.015444015444015444,
3880,0.0,0.0,0.0
3881,0.0,0.0,0.0
3882,0.0,0.0,0.0
3883,0.0033003300330033004,0.039603960396039604,0.0
3884,0.05363984674329502,0.0,0.0
3885,0.007407407407407408,0.003703703703703704,
3886,0.0,0.0,0.0
3887,0.003278688524590164,0.009836065573770493,
3888,0.028225806451612902,0.020161290322580645,
3889,0.00796812749003984,0.0,0.00398406374501992
3890,0.0,0.0,
3891,0.0,0.0,0.0
3892,0.007220216606498195,0.0,0.0
3893,0.008032128514056224,0.0,0.0
3894,0.0038022813688212928,0.0,
3895,0.04201680672268908,0.0,0.0028011204481792717
3896,0.003787878787878788,0.0,
3897,0.003401360544217687,0.0,0.0
3898,0.0,0.0,0.0
3899,0.003367003367003367,0.0,0.0
3900,0.008264462809917356,0.0,0.9118457300275482
3901,0.0,0.0,
3902,0.0,0.0,
3903,0.0,0.018796992481203006,
3904,0.0,0.0,0.0
3905,0.0,0.0,0.0
3906,0.0,0.0,0.0
3907,0.003067484662576687,0.0,0.0
3908,0.0,0.0,0.0
3909,0.06811145510835913,0.02786377708978328,
3910,0.003968253968253968,0.0,0.0
3911,0.0070921985815602835,0.024822695035460994,
3912,0.0035460992907801418,0.0,0.0
3913,0.006309148264984227,0.0,0.0
3914,0.2275449101796407,0.0,0.0029940119760479044
3915,0.04054054054054054,0.0033783783783783786,
3916,0.0,0.0,0.0
3917,0.01858736059479554,0.05947955390334572,
3918,0.0,0.0,0.0
3919,0.0,0.0,0.0
3920,0.0,0.0,
3921,0.010380622837370242,0.0,0.0
3922,0.0,0.0,0.0
3923,0.0364963503649635,0.0036496350364963502,
3924,0.0,0.0,0.0
3925,0.06769230769230769,0.003076923076923077,
3926,0.0,0.013157894736842105,
3927,0.1879432624113475,0.03546099290780142,
3928,0.3447098976109215,0.0034129692832764505,
3929,0.009202453987730062,0.0,0.29141104294478526
3930,0.0,0.0,
3931,0.0,0.0,
3932,0.0,0.0,
3933,0.06093189964157706,0.0,
3934,0.021739130434782608,0.0,
3935,0.0035842293906810036,0.025089605734767026,
3936,0.0,0.0,0.0
3937,0.05642633228840126,0.0,0.0
3938,0.052830188679245285,0.0,0.0
3939,0.0,0.0,0.0
3940,0.0,0.0,0.0
3941,0.0,0.0,
3942,0.0038910505836575876,0.0038910505836575876,
3943,0.0,0.0,0.0
3944,0.0,0.0,0.0
3945,0.0,0.0,0.0
3946,0.009708737864077669,0.0,0.0
3947,0.0035460992907801418,0.0,0.0
3948,0.0,0.0,0.0
3949,0.0,0.015873015873015872,
3950,0.0,0.0,0.0
3951,0.007633587786259542,0.03435114503816794,
3952,0.0035335689045936395,0.0,0.0
3953,0.047619047619047616,0.0,0.0
3954,0.0,0.0,0.0
3955,0.0035714285714285713,0.0,0.0
3956,0.10067114093959731,0.003355704697986577,
3957,0.0,0.0,0.0
3958,0.010033444816053512,0.0,0.0
3959,0.0,0.0,0.0
3960,0.06907894736842106,0.03618421052631579,
3961,0.0,0.0,0.0
3962,0.036101083032490974,0.0,0.0
3963,0.018518518518518517,0.024691358024691357,
3964,0.010416666666666666,0.0,0.0
3965,0.00819672131147541,0.00819672131147541,
3966,0.007633587786259542,0.0,
3967,0.030303030303030304,0.0,
3968,0.0,0.0,0.0
3969,0.0035211267605633804,0.02112676056338028,
3970,0.0,0.0,0.0
3971,0.0,0.0,0.0
3972,0.006329113924050633,0.006329113924050633,
3973,0.0,0.0,0.0
3974,0.02348993288590604,0.0,0.0
3975,0.0,0.0,0.0
3976,0.010416666666666666,0.0,0.0
3977,0.0,0.0,0.0
3978,0.0037313432835820895,0.0,0.0
3979,0.07604562737642585,0.0076045627376425855,
3980,0.028169014084507043,0.0,0.0
3981,0.0,0.0,0.0
3982,0.0,0.0,0.0
3983,0.0,0.0,0.0
3984,0.0,0.0,0.0
3985,0.0,0.0,
3986,0.0,0.0,
3987,0.0,0.0,0.0
3988,0.0,0.0,0.0
3989,0.04225352112676056,0.0,0.0
3990,0.009966777408637873,0.0,0.584717607973422
3991,0.03597122302158273,0.0,0.0
3992,0.014084507042253521,0.0,
3993,0.0,0.0,0.0
3994,0.010238907849829351,0.010238907849829351,
3995,0.0,0.0,0.0
3996,0.013157894736842105,0.0,0.5789473684210527
3997,0.0035971223021582736,0.0,0.0
3998,0.0136986301369863,0.003424657534246575,
3999,0.0,0.0,0.0
4000,0.10802469135802469,0.0030864197530864196,
4001,0.007067137809187279,0.0035335689045936395,
4002,0.0,0.0,0.0
4003,0.0,0.0,0.0
4004,0.014245014245014245,0.0,0.8603988603988604
4005,0.0457516339869281,0.0457516339869281,
4006,0.0,0.0,0.0
4007,0.02197802197802198,0.018315018315018316,
4008,0.0,0.0,0.0
4009,0.006644518272425249,0.026578073089700997,
4010,0.023333333333333334,0.0,0.0
4011,0.0,0.0,0.0
4012,0.02572347266881029,0.0,0.4887459807073955
4013,0.0,0.0,0.0
4014,0.15605095541401273,0.06369426751592357,
4015,0.0,0.003278688524590164,0.0
4016,0.007246376811594203,0.0,0.0
4017,0.02857142857142857,0.007142857142857143,
4018,0.0,0.0,0.0
4019,0.0,0.0,0.0
4020,0.0,0.0,0.0
4021,0.0,0.003401360544217687,
4022,0.0,0.0,0.0
4023,0.06521739130434782,0.0,
4024,0.00784313725490196,0.0,
4025,0.05639097744360902,0.0,
4026,0.0,0.0,0.0
4027,0.0035714285714285713,0.0,
4028,0.0,0.0,
4029,0.0,0.0,0.0
4030,0.3463855421686747,0.0,0.0
4031,0.003257328990228013,0.0,0.0
4032,0.0,0.0,0.0
4033,0.0,0.0,0.0
4034,0.28,0.017142857142857144,
4035,0.0,0.0,0.0
4036,0.007380073800738007,0.0,0.0
4037,0.0,0.0,0.0
4038,0.0,0.013333333333333334,
4039,0.0035087719298245615,0.0,
4040,0.04580152671755725,0.0,0.0
4041,0.03293413173652695,0.0,0.7964071856287425
4042,0.003875968992248062,0.04263565891472868,
4043,0.0,0.0,0.0
4044,0.0,0.0,0.0
4045,0.003816793893129771,0.0,0.0
4046,0.0,0.0,0.0
4047,0.0,0.0,0.0
4048,0.0,0.0035087719298245615,
4049,0.026717557251908396,0.0,0.0
4050,0.4067796610169492,0.0,0.0
4051,0.0,0.0,
4052,0.012539184952978056,0.04075235109717868,
4053,0.0,0.0,0.0
4054,0.0036496350364963502,0.0,0.0
4055,0.0,0.0,0.0
4056,0.0038314176245210726,0.0,0.0
4057,0.003875968992248062,0.007751937984496124,
4058,0.027586206896551724,0.0,
4059,0.0,0.0,0.0
4060,0.0,0.0,0.0
4061,0.009933774834437087,0.029801324503311258,
4062,0.0,0.0,0.0
4063,0.0,0.0,0.0
4064,0.0038022813688212928,0.0,0.0
4065,0.003861003861003861,0.0,
4066,0.0,0.0,
4067,0.011235955056179775,0.0,
4068,0.0603448275862069,0.004310344827586207,
4069,0.006944444444444444,0.0,
4070,0.0,0.0,0.0
4071,0.0033333333333333335,0.0,0.0
4072,0.05434782608695652,0.014492753623188406,
4073,0.007662835249042145,0.0,
4074,0.0,0.0,0.0
4075,0.0,0.0,0.0
4076,0.0,0.0,
4077,0.007905138339920948,0.003952569169960474,
4078,0.0,0.0,
4079,0.07467532467532467,0.00974025974025974,
4080,0.022556390977443608,0.0,0.0
4081,0.0,0.0,0.0
4082,0.0,0.0,0.0
4083,0.0,0.0,0.0
4084,0.0,0.003436426116838488,
4085,0.0,0.00625,
4086,0.011235955056179775,0.0,0.7696629213483146
4087,0.003278688524590164,0.0,0.0
4088,0.031746031746031744,0.0,0.6666666666666666
4089,0.0,0.0,0.0
4090,0.0,0.0,0.0
4091,0.0,0.0,0.0
4092,0.0,0.0,0.0
4093,0.035326086956521736,0.0,0.8288043478260869
4094,0.006896551724137931,0.0,0.0
4095,0.0033783783783783786,0.0,0.0
4096,0.0,0.0,0.0
4097,0.009404388714733543,0.0,0.4231974921630094
4098,0.006557377049180328,0.0,0.0
4099,0.0,0.0,0.0
4100,0.019417475728155338,0.0,0.0
4101,0.0,0.0037593984962406013,
4102,0.014044943820224719,0.0,0.7837078651685393
4103,0.0,0.011111111111111112,
4104,0.051470588235294115,0.025735294117647058,
4105,0.042704626334519574,0.0,0.0
4106,0.031073446327683617,0.0,0.751412429378531
4107,0.0,0.0,0.0
4108,0.06037735849056604,0.0,
4109,0.003367003367003367,0.003367003367003367,
4110,0.0,0.0,0.0
4111,0.03663003663003663,0.02564102564102564,
4112,0.0,0.0,0.0
4113,0.0040650406504065045,0.0,0.0
4114,0.0,0.0,0.0
4115,0.00641025641025641,0.05128205128205128,
4116,0.26936026936026936,0.020202020202020204,
4117,0.056105610561056105,0.06930693069306931,
4118,0.0,0.0,0.0
4119,0.0,0.0,0.0
4120,0.0,0.0,0.0
4121,0.003424657534246575,0.003424657534246575,
4122,0.0,0.0,0.0
4123,0.029850746268656716,0.014925373134328358,
4124,0.10037174721189591,0.01486988847583643,
4125,0.0,0.0,0.0
4126,0.0,0.0,0.0
4127,0.0,0.0,
4128,0.0,0.011406844106463879,
4129,0.0,0.0,0.0
4130,0.0,0.0,0.0
4131,0.0,0.09523809523809523,
4132,0.031161473087818695,0.0,0.8130311614730878
4133,0.01912568306010929,0.0,0.8688524590163934
4134,0.0,0.0,0.0
4135,0.0,0.0,0.0
4136,0.0,0.0,0.0
4137,0.0,0.0,0.0
4138,0.0,0.0,
4139,0.003355704697986577,0.0,0.0
4140,0.0,0.0,
4141,0.0,0.0,
4142,0.0,0.0,0.0
4143,0.015267175572519083,0.0,0.0
4144,0.02527075812274368,0.0,0.0
4145,0.029605263157894735,0.0,0.0
4146,0.007575757575757576,0.0,
4147,0.0,0.0,0.0
4148,0.01090909090909091,0.0036363636363636364,
4149,0.010958904109589041,0.0,0.8821917808219178
4150,0.008583690987124463,0.0,
4151,0.0,0.0,0.0
4152,0.0,0.0,0.0
4153,0.05187319884726225,0.0,0.0
4154,0.0,0.0,0.0
4155,0.0,0.0,0.0
4156,0.0,0.0,0.0
4157,0.0,0.0,0.0
4158,0.007722007722007722,0.0,
4159,0.0,0.0,0.0
4160,0.0,0.0,0.0
4161,0.0,0.0,
4162,0.5459610027855153,0.008356545961002786,
4163,0.10703363914373089,0.0,0.4525993883792049
4164,0.0,0.0,0.0
4165,0.003861003861003861,0.023166023166023165,
4166,0.0,0.0,0.0
4167,0.0,0.006688963210702341,
4168,0.0,0.0,0.0
4169,0.026490066225165563,0.0,0.6158940397350994
4170,0.40229885057471265,0.014367816091954023,
4171,0.0,0.0,0.0
4172,0.0,0.0,0.0
4173,0.0,0.0,0.0
4174,0.007905138339920948,0.007905138339920948,
4175,0.0,0.0,0.0
4176,0.07317073170731707,0.0,0.003484320557491289
4177,0.0,0.0,0.0
4178,0.0,0.0,0.0
4179,0.005917159763313609,0.0,0.0
4180,0.05042016806722689,0.004201680672268907,
4181,0.010958904109589041,0.0,0.8657534246575342
4182,0.013245033112582781,0.0,0.4867549668874172
4183,0.025925925925925925,0.0,0.0
4184,0.0,0.0,0.0
4185,0.026578073089700997,0.009966777408637873,
4186,0.0,0.0,
4187,0.03488372093023256,0.007751937984496124,
4188,0.029498525073746312,0.017699115044247787,
4189,0.003215434083601286,0.003215434083601286,
4190,0.003401360544217687,0.0,0.0
4191,0.006756756756756757,0.0,0.3344594594594595
4192,0.0,0.0,0.0
4193,0.011111111111111112,0.0,0.8305555555555556
4194,0.004132231404958678,0.024793388429752067,
4195,0.0,0.0,0.0
4196,0.0,0.006993006993006993,
4197,0.0,0.0,0.0
4198,0.0,0.0,0.0
4199,0.06514657980456026,0.006514657980456026,
4200,0.011428571428571429,0.0,0.7428571428571429
4201,0.029197080291970802,0.0,0.0
4202,0.0,0.0,
4203,0.003289473684210526,0.0,
4204,0.0,0.0,0.0
4205,0.0,0.003472222222222222,
4206,0.0,0.0,0.0
4207,0.003125,0.0,
4208,0.006711409395973154,0.0,0.0
4209,0.015748031496062992,0.01968503937007874,
4210,0.11721611721611722,0.06227106227106227,
4211,0.0031446540880503146,0.0,0.0
4212,0.0,0.0,0.0
4213,0.028011204481792718,0.0,0.7450980392156863
4214,0.0,0.0,0.0
4215,0.0038022813688212928,0.0,0.0
4216,0.0038314176245210726,0.022988505747126436,
4217,0.01079136690647482,0.0,0.0
4218,0.027950310559006212,0.0,0.0
4219,0.0,0.0,
4220,0.0,0.0,0.0
4221,0.0,0.0,0.0
4222,0.32577903682719545,0.014164305949008499,
4223,0.009009009009009009,0.0,0.0
4224,0.011494252873563218,0.06513409961685823,
4225,0.0,0.0,
4226,0.0,0.0,0.0
4227,0.007407407407407408,0.0,0.0
4228,0.0231023102310231,0.08250825082508251,
4229,0.0033112582781456954,0.0,0.0
4230,0.05278592375366569,0.008797653958944282,
4231,0.0125,0.0,0.0
4232,0.058365758754863814,0.0,
4233,0.0,0.0,0.0
4234,0.0,0.0,0.0
4235,0.004,0.008,
4236,0.011111111111111112,0.0,0.8166666666666667
4237,0.0,0.0,0.0
4238,0.003472222222222222,0.0,0.0
4239,0.0,0.0,0.0
4240,0.0,0.0,0.0
4241,0.06343283582089553,0.0,0.0
4242,0.0,0.0,0.0
4243,0.0,0.0,0.0
4244,0.035483870967741936,0.0,
4245,0.011049723756906077,0.0,0.8756906077348067
4246,0.0,0.0,0.0
4247,0.0,0.003289473684210526,
4248,0.0,0.0,0.0
4249,0.0,0.0,0.0
4250,0.025559105431309903,0.0,0.5942492012779552
4251,0.06859205776173286,0.0,
4252,0.0,0.03162055335968379,
4253,0.0,0.0,0.0
4254,0.0,0.0,0.0
4255,0.012738853503184714,0.0,0.0
4256,0.0,0.0,0.0
4257,0.0,0.0,0.0
4258,0.015151515151515152,0.0,0.0
4259,0.0,0.0,0.0
4260,0.003663003663003663,0.007326007326007326,
4261,0.0,0.0,0.0
4262,0.00784313725490196,0.0784313725490196,
4263,0.0,0.0,0.0
4264,0.0,0.01532567049808429,
4265,0.018315018315018316,0.0,0.0
4266,0.0,0.0,
4267,0.0,0.0,0.0
4268,0.0,0.0,0.0
4269,0.04417670682730924,0.020080321285140562,
4270,0.0,0.0,0.0
4271,0.07829181494661921,0.06761565836298933,
4272,0.010033444816053512,0.0,0.4916387959866221
4273,0.023255813953488372,0.0,0.0
4274,0.0035460992907801418,0.0,0.0
4275,0.0,0.0,0.0
4276,0.0,0.0,0.0
4277,0.043478260869565216,0.0,0.0
4278,0.011111111111111112,0.0,0.9111111111111111
4279,0.0,0.0,0.0
4280,0.011904761904761904,0.0,
4281,0.0,0.0,0.0
4282,0.0,0.0,0.0
4283,0.01079136690647482,0.0,0.0
4284,0.0,0.0,0.0
4285,0.0,0.0036231884057971015,0.0
4286,0.013333333333333334,0.0,0.0
4287,0.0036900369003690036,0.0,0.0
4288,0.0036496350364963502,0.0,0.0
4289,0.0033444816053511705,0.0,0.0
4290,0.02416918429003021,0.0,0.4652567975830816
4291,0.015105740181268883,0.0,0.5317220543806647
4292,0.0,0.0,
4293,0.0,0.0,0.0
4294,0.0,0.01056338028169014,
4295,0.02147239263803681,0.0,0.0
4296,0.02032520325203252,0.0,0.0
4297,0.013623978201634877,0.0,0.7465940054495913
4298,0.11864406779661017,0.0,0.5903954802259888
4299,0.0,0.0,0.0
4300,0.025423728813559324,0.0,0.7175141242937854
4301,0.0,0.0,0.0
4302,0.0,0.0,0.0
4303,0.0,0.0,0.0
4304,0.0,0.0,0.0
4305,0.0034965034965034965,0.0,0.0
4306,0.0037735849056603774,0.0,0.0
4307,0.01486988847583643,0.0,0.0
4308,0.0,0.0,0.0
4309,0.009771986970684038,0.0,0.0
4310,0.0,0.0,0.0
4311,0.0,0.0,0.0
4312,0.0037735849056603774,0.007547169811320755,
4313,0.06521739130434782,0.0,0.0
4314,0.009036144578313253,0.0,0.5903614457831325
4315,0.008356545961002786,0.0,0.8217270194986073
4316,0.03806228373702422,0.0,0.0
4317,0.00303951367781155,0.0,0.0
4318,0.0,0.0,0.0
4319,0.0,0.0,0.0
4320,0.0,0.0,0.0
4321,0.014336917562724014,0.0035842293906810036,
4322,0.0,0.0,0.0
4323,0.061488673139158574,0.003236245954692557,
4324,0.03003003003003003,0.0,0.0
4325,0.4356060606060606,0.03409090909090909,
4326,0.039568345323741004,0.1079136690647482,
4327,0.06177606177606178,0.023166023166023165,
4328,0.09375,0.0125,
4329,0.0,0.0,0.0
4330,0.0,0.0,0.0
4331,0.0,0.0,0.0
4332,0.003401360544217687,0.0,0.0
4333,0.0,0.0,0.0
4334,0.0035460992907801418,0.0,0.0
4335,0.0,0.0,0.0
4336,0.04743083003952569,0.003952569169960474,
4337,0.003875968992248062,0.10852713178294573,
4338,0.0,0.0,0.0
4339,0.0,0.048507462686567165,
4340,0.020588235294117647,0.0,0.0029411764705882353
4341,0.0,0.0,0.0
4342,0.0,0.0,0.0
4343,0.007518796992481203,0.0,
4344,0.0,0.0,0.0
4345,0.0,0.0,0.0
4346,0.0,0.0,0.0
4347,0.0,0.0,0.0
4348,0.003401360544217687,0.0,0.0
4349,0.0,0.0,0.0
4350,0.0,0.0,
4351,0.016129032258064516,0.0,0.2709677419354839
4352,0.05063291139240506,0.10443037974683544,
4353,0.0,0.0,0.0
4354,0.0,0.0,0.0
4355,0.05,0.0,0.0
4356,0.0,0.0,0.0
4357,0.0,0.0,0.0
4358,0.029940119760479042,0.0,0.7065868263473054
4359,0.020477815699658702,0.0,0.0
4360,0.0,0.0,0.0
4361,0.013605442176870748,0.0,0.0
4362,0.0,0.0,0.0
4363,0.02622950819672131,0.0,0.0
4364,0.0,0.0,0.0
4365,0.06204379562043796,0.0,0.0
4366,0.07380073800738007,0.01107011070110701,
4367,0.0,0.0,0.0
4368,0.0,0.0,0.0
4369,0.0,0.0,0.0
4370,0.09061488673139159,0.0,0.0
4371,0.0,0.0,0.0
4372,0.19741100323624594,0.04854368932038835,
4373,0.04797047970479705,0.025830258302583026,
4374,0.0,0.0,0.0
4375,0.0,0.0,0.0
4376,0.0,0.0,0.0
4377,0.0,0.0,0.0
4378,0.02967359050445104,0.0,0.0
4379,0.0033783783783783786,0.0033783783783783786,0.0
4380,0.0,0.006802721088435374,0.0
4381,0.016286644951140065,0.0,0.0
4382,0.01282051282051282,0.004273504273504274,
4383,0.0,0.0,0.0
4384,0.0,0.0,0.0
4385,0.004081632653061225,0.0,0.0
4386,0.0037313432835820895,0.0,
4387,0.0,0.0,0.0
4388,0.0,0.0,0.0
4389,0.011111111111111112,0.0,0.8777777777777778
4390,0.006993006993006993,0.0,0.0
4391,0.0,0.0,0.0
4392,0.03367003367003367,0.0,0.0
4393,0.0,0.0,0.0
4394,0.0,0.0,0.0
4395,0.0,0.0,0.0
4396,0.0,0.0,0.0
4397,0.0,0.0,0.0
4398,0.0,0.0,0.0
4399,0.032467532467532464,0.11038961038961038,
4400,0.0,0.003424657534246575,0.0
4401,0.1037037037037037,0.014814814814814815,
4402,0.0,0.0,0.0
4403,0.003134796238244514,0.0,0.0
4404,0.0033222591362126247,0.0,
4405,0.0,0.0,0.0
4406,0.0,0.017857142857142856,
4407,0.011278195488721804,0.0,0.0
4408,0.01858736059479554,0.03345724907063197,
4409,0.00390625,0.0,0.0
4410,0.007168458781362007,0.0,0.0
4411,0.0,0.0,0.0
4412,0.0,0.0,0.0
4413,0.029239766081871343,0.0,0.6140350877192983
4414,0.0,0.0,0.0
4415,0.0,0.0,0.0
4416,0.01509433962264151,0.022641509433962263,
4417,0.003703703703703704,0.0,0.0
4418,0.0,0.0,0.0
4419,0.04153354632587859,0.01597444089456869,
4420,0.02824858757062147,0.0,0.5932203389830508
4421,0.0033003300330033004,0.0,0.0
4422,0.0076045627376425855,0.0038022813688212928,
4423,0.011019283746556474,0.0,0.9090909090909091
4424,0.0,0.0,0.0
4425,0.0,0.0,0.0
4426,0.0,0.0,0.0
4427,0.027472527472527472,0.0,0.7884615384615384
4428,0.0,0.0,0.0
4429,0.003787878787878788,0.0,0.0
4430,0.0071174377224199285,0.0,0.0
4431,0.0036363636363636364,0.007272727272727273,
4432,0.05442176870748299,0.0,0.0
4433,0.0034965034965034965,0.0,0.0
4434,0.0,0.00980392156862745,
4435,0.0,0.0,0.0
4436,0.0,0.0,0.0
4437,0.0,0.0,0.0
4438,0.012618296529968454,0.0,0.40063091482649843
4439,0.0,0.0,0.0
4440,0.0,0.0,0.0
4441,0.0,0.0,0.0
4442,0.0,0.0,0.0
4443,0.0,0.0,0.0
4444,0.0,0.0,0.0
4445,0.0,0.0,
4446,0.0,0.0,0.0
4447,0.043478260869565216,0.07692307692307693,
4448,0.0,0.0,0.0
4449,0.0,0.04081632653061224,
4450,0.023728813559322035,0.006779661016949152,
4451,0.0,0.0,0.0
4452,0.038834951456310676,0.025889967637540454,
4453,0.010238907849829351,0.027303754266211604,
4454,0.02491103202846975,0.08540925266903915,
4455,0.022435897435897436,0.0,0.0
4456,0.0,0.0,0.0
4457,0.03496503496503497,0.0,0.0
4458,0.0,0.0,0.0
4459,0.025889967637540454,0.0,0.4401294498381877
4460,0.013468013468013467,0.0,
4461,0.18439716312056736,0.1453900709219858,
4462,0.0,0.0,0.0
4463,0.0072992700729927005,0.0,0.0
4464,0.0,0.0,0.0
4465,0.0,0.0,0.0
4466,0.0,0.0,0.0
4467,0.0,0.0,0.0
4468,0.12540192926045016,0.05787781350482315,
4469,0.0036101083032490976,0.0,0.0
4470,0.0,0.0,0.0
4471,0.0,0.0,0.0
4472,0.0035087719298245615,0.0,0.0
4473,0.0,0.0,0.0
4474,0.0,0.0,0.0
4475,0.018115942028985508,0.057971014492753624,
4476,0.0,0.0,0.0
4477,0.0,0.0,0.0
4478,0.003745318352059925,0.0,0.0
4479,0.0,0.0,0.0
4480,0.0,0.0,0.0
4481,0.0,0.0,0.0
4482,0.16666666666666666,0.03125,
4483,0.059602649006622516,0.009933774834437087,
4484,0.018315018315018316,0.0,0.0
4485,0.03461538461538462,0.0,
4486,0.003745318352059925,0.0,0.0
4487,0.0,0.0,0.0
4488,0.07612456747404844,0.08996539792387544,
4489,0.0035087719298245615,0.0,0.0
4490,0.0,0.0,0.0
4491,0.05725190839694656,0.0,0.0
4492,0.0,0.0,0.0
4493,0.0,0.0,0.0
4494,0.0,0.0,0.0
4495,0.019553072625698324,0.0,0.7905027932960894
4496,0.0,0.0,0.0
4497,0.003816793893129771,0.0,0.0
4498,0.0,0.0,0.0
4499,0.008797653958944282,0.0,0.7712609970674487
4500,0.0,0.0,0.0
4501,0.06418918918918919,0.0033783783783783786,
4502,0.0125,0.0,0.0
4503,0.0,0.015209125475285171,
4504,0.0038022813688212928,0.015209125475285171,0.0
4505,0.0,0.0,0.0
4506,0.0,0.0,0.0
4507,0.0,0.0,0.0
4508,0.0,0.0,0.0
4509,0.007662835249042145,0.011494252873563218,
4510,0.012012012012012012,0.003003003003003003,
4511,0.0,0.0,0.0
4512,0.0,0.0,0.0
4513,0.003875968992248062,0.0,0.0
4514,0.021052631578947368,0.0,
4515,0.05693950177935943,0.0,0.0
4516,0.0,0.006666666666666667,0.0
4517,0.0,0.0,0.0
4518,0.0,0.0,0.0
4519,0.0,0.0,0.0
4520,0.011049723756906077,0.0,0.8232044198895028
4521,0.0,0.0,0.0
4522,0.0,0.0,0.0
4523,0.016778523489932886,0.08389261744966443,
4524,0.0,0.0,0.0
4525,0.0,0.0,0.0
4526,0.06031746031746032,0.0,0.5555555555555556
4527,0.0,0.0,0.0
4528,0.0,0.0,0.0
4529,0.0,0.0,0.0
4530,0.0,0.0,0.0
4531,0.0,0.0,0.0
4532,0.011695906432748537,0.0,0.8128654970760234
4533,0.00423728813559322,0.01694915254237288,
4534,0.03937007874015748,0.01968503937007874,
4535,0.016666666666666666,0.0033333333333333335,
4536,0.02962962962962963,0.022222222222222223,
4537,0.0036900369003690036,0.0,0.0
4538,0.01937984496124031,0.007751937984496124,
4539,0.06535947712418301,0.03594771241830065,
4540,0.1015625,0.04296875,
4541,0.0,0.0,0.0
4542,0.007042253521126761,0.028169014084507043,
4543,0.010416666666666666,0.0,0.0
4544,0.0,0.0,0.0
4545,0.0777027027027027,0.0472972972972973,
4546,0.0,0.015748031496062992,
4547,0.035211267605633804,0.007042253521126761,
4548,0.0,0.0,0.0
4549,0.003745318352059925,0.0,0.0
4550,0.0,0.0,0.0
4551,0.0176678445229682,0.01060070671378092,
4552,0.0,0.0,0.0
4553,0.04065040650406504,0.008130081300813009,
4554,0.0219435736677116,0.003134796238244514,
4555,0.02564102564102564,0.0,0.3333333333333333
4556,0.0,0.0,0.0
4557,0.0,0.012048192771084338,
4558,0.04285714285714286,0.0,0.0
4559,0.033112582781456956,0.026490066225165563,
4560,0.003401360544217687,0.0,0.0
4561,0.022364217252396165,0.0,0.0
4562,0.0,0.0,0.0
4563,0.0,0.0,0.0
4564,0.0035087719298245615,0.0,
4565,0.0,0.0,0.0
4566,0.24897959183673468,0.0163265306122449,
4567,0.0,0.0,0.0
4568,0.0,0.0,0.0
4569,0.0,0.0,0.0
4570,0.05384615384615385,0.04230769230769231,
4571,0.011019283746556474,0.0,0.8236914600550964
4572,0.0,0.0,0.0
4573,0.007017543859649123,0.0,0.0
4574,0.0,0.0,0.0
4575,0.0,0.0,0.0
4576,0.01694915254237288,0.0,0.0
4577,0.0,0.0,0.0
4578,0.0,0.0,0.0
4579,0.04,0.01090909090909091,
4580,0.0,0.0,0.0
4581,0.015625,0.0,0.596875
4582,0.0,0.0,0.0
4583,0.03319502074688797,0.0,0.0
4584,0.024305555555555556,0.0,0.0
4585,0.0,0.0,0.0
4586,0.0,0.05714285714285714,
4587,0.0,0.003861003861003861,
4588,0.14181818181818182,0.04,
4589,0.022292993630573247,0.0,0.45222929936305734
4590,0.0,0.0,0.0
4591,0.0,0.0,0.0
4592,0.0,0.0,0.0
4593,0.0,0.006688963210702341,0.0
4594,0.0,0.0,0.0
4595,0.007518796992481203,0.0,0.0
4596,0.2840909090909091,0.007575757575757576,
4597,0.0,0.0,
4598,0.0,0.0037735849056603774,0.0
4599,0.0035087719298245615,0.0,0.0
4600,0.0,0.0,0.0
4601,0.04240282685512368,0.0,0.0
4602,0.0,0.0,0.0
4603,0.0,0.0,0.0
4604,0.0,0.0,0.0
4605,0.007168458781362007,0.04659498207885305,
4606,0.06896551724137931,0.0,0.0
4607,0.003952569169960474,0.0,0.0
4608,0.0,0.0,0.0
4609,0.02622950819672131,0.0,0.0
4610,0.003401360544217687,0.0,0.0
4611,0.0,0.0,0.0
4612,0.007547169811320755,0.0,0.0
4613,0.010948905109489052,0.0,0.0
4614,0.0035714285714285713,0.0,0.0
4615,0.0,0.0,0.0
4616,0.0,0.0,0.0
4617,0.04861111111111111,0.017361111111111112,
4618,0.0,0.0,0.0
4619,0.0,0.0,0.0
4620,0.0,0.0,0.0
4621,0.08934707903780069,0.05154639175257732,
4622,0.0,0.008032128514056224,
4623,0.010309278350515464,0.0,0.0
4624,0.00684931506849315,0.003424657534246575,
4625,0.0,0.0037735849056603774,
4626,0.0,0.0,0.0
4627,0.0,0.0,0.0
4628,0.0,0.0,0.0
4629,0.0,0.0,0.0
4630,0.0,0.0,0.0
4631,0.0,0.0,0.0
4632,0.0,0.0,0.0
4633,0.0,0.0,0.0
4634,0.0231023102310231,0.0,0.0
4635,0.038869257950530034,0.028268551236749116,
4636,0.0,0.0,0.0
4637,0.0,0.0,0.0
4638,0.0,0.0,0.0
4639,0.0,0.0,0.0
4640,0.0035587188612099642,0.0,0.0
4641,0.003676470588235294,0.0,0.0
4642,0.0037313432835820895,0.007462686567164179,
4643,0.0,0.0,0.0
4644,0.0,0.0,0.0
4645,0.026845637583892617,0.010067114093959731,
4646,0.0,0.0,0.0
4647,0.0,0.0,0.0
4648,0.003367003367003367,0.006734006734006734,
4649,0.0,0.0,0.0
4650,0.008571428571428572,0.0,0.8428571428571429
4651,0.003484320557491289,0.006968641114982578,
4652,0.0,0.0,0.0
4653,0.024054982817869417,0.0,0.0
4654,0.0,0.0,
4655,0.0,0.0,0.0
4656,0.0,0.0,
4657,0.0,0.0,0.0
4658,0.0221606648199446,0.0,0.8947368421052632
4659,0.0,0.0,0.0
4660,0.0,0.0036363636363636364,
4661,0.021739130434782608,0.0,0.8777173913043478
4662,0.0,0.0,0.0
4663,0.0,0.008264462809917356,
4664,0.0037174721189591076,0.0,0.0
4665,0.0,0.0,0.0
4666,0.0,0.0,0.0
4667,0.035326086956521736,0.0,0.8288043478260869
4668,0.0,0.0,0.0
4669,0.007220216606498195,0.0,0.0
4670,0.0,0.0,0.0
4671,0.028169014084507043,0.02112676056338028,
4672,0.0,0.0,
4673,0.0176678445229682,0.024734982332155476,
4674,0.03076923076923077,0.015384615384615385,
4675,0.04891304347826087,0.0,0.8288043478260869
4676,0.0033222591362126247,0.0,
4677,0.0034965034965034965,0.0,0.0
4678,0.0,0.0,0.0
4679,0.0,0.0,0.0
4680,0.18840579710144928,0.0036231884057971015,0.0
4681,0.0,0.0,0.0
4682,0.060810810810810814,0.0,
4683,0.010067114093959731,0.0,0.0
4684,0.011764705882352941,0.0,
4685,0.029411764705882353,0.04411764705882353,
4686,0.0,0.0,
4687,0.0,0.0,
4688,0.0,0.0,0.0
4689,0.0,0.0,0.0
4690,0.0,0.0,0.0
4691,0.04263565891472868,0.0,
4692,0.0,0.0,0.0
4693,0.012578616352201259,0.0,0.6823899371069182
4694,0.003076923076923077,0.0,0.0
4695,0.0,0.0,0.0
4696,0.003703703703703704,0.003703703703703704,
4697,0.03380281690140845,0.0,0.7492957746478873
4698,0.0,0.003816793893129771,
4699,0.004,0.044,
4700,0.0,0.0,0.0
4701,0.0,0.0,0.0
4702,0.006600660066006601,0.026402640264026403,
4703,0.0,0.007722007722007722,
4704,0.0,0.0,
4705,0.0,0.0,0.0
4706,0.0,0.010380622837370242,
4707,0.0,0.022556390977443608,
4708,0.026717557251908396,0.0,
4709,0.0,0.0,0.0
4710,0.0,0.0,0.0
4711,0.009287925696594427,0.0,0.5541795665634675
4712,0.042801556420233464,0.019455252918287938,
4713,0.0,0.0,0.0
4714,0.0,0.0,0.0
4715,0.0,0.0,
4716,0.00425531914893617,0.0,
4717,0.006389776357827476,0.003194888178913738,
4718,0.0,0.0,0.0
4719,0.0,0.0,0.0
4720,0.0,0.0,0.0
4721,0.0,0.0,0.0
4722,0.0,0.0,0.0
4723,0.14423076923076922,0.0,0.0
4724,0.0,0.0,0.0
4725,0.0,0.0,0.0
4726,0.010958904109589041,0.0,0.8191780821917808
4727,0.0,0.0,0.0
4728,0.08653846153846154,0.0673076923076923,
4729,0.0,0.0,0.0
4730,0.0,0.0,0.0
4731,0.0,0.0,0.0
4732,0.04247104247104247,0.015444015444015444,
4733,0.05223880597014925,0.0,0.0
4734,0.0033222591362126247,0.0,0.0
4735,0.010309278350515464,0.0,
4736,0.0,0.0,0.0
4737,0.15579710144927536,0.057971014492753624,
4738,0.0,0.0,0.0
4739,0.0,0.0,
4740,0.027303754266211604,0.0,0.0
4741,0.0,0.0,0.0
4742,0.028070175438596492,0.0,0.0
4743,0.003787878787878788,0.0,0.0
4744,0.03435114503816794,0.0916030534351145,
4745,0.011278195488721804,0.0,
4746,0.05226480836236934,0.059233449477351915,
4747,0.0,0.0,
4748,0.029411764705882353,0.0,
4749,0.0,0.0,0.0
4750,0.013333333333333334,0.0,
4751,0.003355704697986577,0.02348993288590604,
4752,0.0035587188612099642,0.0,0.0
4753,0.0,0.0,0.0
4754,0.0,0.0,0.0
4755,0.007194244604316547,0.014388489208633094,
4756,0.0,0.0033222591362126247,
4757,0.0,0.0,0.0
4758,0.0,0.0,0.0
4759,0.0033783783783783786,0.0,0.0
4760,0.0,0.0,0.0
4761,0.0,0.003076923076923077,
4762,0.0035460992907801418,0.0070921985815602835,
4763,0.0,0.0,0.0
4764,0.14935064935064934,0.006493506493506494,
4765,0.0,0.003125,
4766,0.0,0.0,0.0
4767,0.013468013468013467,0.003367003367003367,
4768,0.007462686567164179,0.0,
4769,0.0,0.0,0.0
4770,0.0,0.0,0.0
4771,0.0,0.0,0.0
4772,0.0,0.0,0.0
4773,0.01098901098901099,0.0,0.0
4774,0.0,0.0,0.0
4775,0.0,0.0,
4776,0.0,0.0,0.0
4777,0.026143790849673203,0.0032679738562091504,
4778,0.019417475728155338,0.0,0.627831715210356
4779,0.051194539249146756,0.017064846416382253,
4780,0.0,0.0,0.0
4781,0.003861003861003861,0.0,0.0
4782,0.006472491909385114,0.0,0.32038834951456313
4783,0.028112449799196786,0.004016064257028112,
4784,0.11242603550295859,0.0,0.3076923076923077
4785,0.0,0.0038022813688212928,
4786,0.0,0.0,
4787,0.0,0.0,0.0
4788,0.0,0.0,0.0
4789,0.0,0.0,0.0
4790,0.014285714285714285,0.002857142857142857,0.49142857142857144
4791,0.007547169811320755,0.007547169811320755,
4792,0.0,0.0,0.0
4793,0.007142857142857143,0.0,0.0
4794,0.019867549668874173,0.009933774834437087,
4795,0.0,0.0,0.0
4796,0.12813370473537605,0.06685236768802229,
4797,0.0,0.0,0.0
4798,0.0,0.0,0.0
4799,0.042071197411003236,0.03559870550161812,
4800,0.015151515151515152,0.011363636363636364,
4801,0.0425531914893617,0.0,0.0
4802,0.0031446540880503146,0.0,
4803,0.028070175438596492,0.021052631578947368,
4804,0.0,0.0,0.0
4805,0.0,0.0,
4806,0.0,0.0,0.0
4807,0.006006006006006006,0.0,0.0
4808,0.0,0.0,
4809,0.015479876160990712,0.0,0.26006191950464397
4810,0.011811023622047244,0.04330708661417323,
4811,0.01937984496124031,0.0,0.0
4812,0.0,0.024193548387096774,
4813,0.027777777777777776,0.0,0.0
4814,0.0,0.0,0.0
4815,0.003289473684210526,0.003289473684210526,
4816,0.0,0.0,0.0
4817,0.01567398119122257,0.04075235109717868,
4818,0.0,0.0,0.0
4819,0.0078125,0.0,0.0
4820,0.036290322580645164,0.012096774193548387,
4821,0.0,0.0,0.0
4822,0.0125,0.0,0.0
4823,0.10954063604240283,0.06713780918727916,
4824,0.00749063670411985,0.003745318352059925,
4825,0.0,0.0,0.0
4826,0.10139860139860139,0.024475524475524476,
4827,0.19318181818181818,0.015151515151515152,
4828,0.005797101449275362,0.0,0.0
4829,0.00303951367781155,0.0,0.0
4830,0.0,0.0,0.0
4831,0.015503875968992248,0.0,
4832,0.0,0.0,0.0
4833,0.003745318352059925,0.0,0.0
4834,0.0,0.0,0.0
4835,0.0,0.003436426116838488,
4836,0.016877637130801686,0.004219409282700422,
4837,0.06397306397306397,0.0,0.0
4838,0.029605263157894735,0.0,0.0
4839,0.0,0.0,0.0
4840,0.025830258302583026,0.0,0.0
4841,0.0,0.0037735849056603774,0.0
4842,0.0031446540880503146,0.0,0.0
4843,0.0037593984962406013,0.0037593984962406013,
4844,0.0,0.0,0.0
4845,0.006968641114982578,0.0,
4846,0.0,0.0,
4847,0.0,0.0,0.0
4848,0.07973421926910298,0.0,0.4950166112956811
4849,0.0,0.0,0.0
4850,0.0,0.0,0.0
4851,0.01107011070110701,0.025830258302583026,
4852,0.007751937984496124,0.003875968992248062,
4853,0.0036900369003690036,0.0,0.0
4854,0.0,0.0,
4855,0.0,0.0,
4856,0.0,0.0,0.0
4857,0.003003003003003003,0.003003003003003003,
4858,0.02181818181818182,0.0,
4859,0.0,0.007142857142857143,
4860,0.0,0.014336917562724014,0.0
4861,0.0,0.0,0.0
4862,0.04498269896193772,0.020761245674740483,
4863,0.012738853503184714,0.0,0.3184713375796178
4864,0.0,0.0,0.0
4865,0.028846153846153848,0.01282051282051282,
4866,0.05246913580246913,0.0030864197530864196,
4867,0.0,0.0,0.0
4868,0.014285714285714285,0.0,0.7457142857142857
4869,0.0,0.0,0.0
4870,0.0034965034965034965,0.0,0.0
4871,0.0,0.0,0.0
4872,0.003236245954692557,0.0,
4873,0.021505376344086023,0.0035842293906810036,
4874,0.006711409395973154,0.003355704697986577,
4875,0.026845637583892617,0.0,0.0
4876,0.007194244604316547,0.014388489208633094,
4877,0.01556420233463035,0.0038910505836575876,
4878,0.04067796610169491,0.006779661016949152,
4879,0.027247956403269755,0.0,0.7247956403269755
4880,0.0,0.0,
4881,0.016556291390728478,0.0,0.0
4882,0.11524163568773234,0.0,0.0
4883,0.0,0.007194244604316547,
4884,0.022222222222222223,0.1111111111111111,
4885,0.028112449799196786,0.0,0.0
4886,0.0,0.0,0.0
4887,0.0,0.0,0.0
4888,0.003134796238244514,0.0,0.0
4889,0.0,0.0,0.0
4890,0.027303754266211604,0.0,
4891,0.0,0.0,0.0
4892,0.011764705882352941,0.0,0.0
4893,0.0,0.0,0.0
4894,0.0,0.0,0.0
4895,0.010752688172043012,0.0,
4896,0.0,0.0,0.0
4897,0.128,0.072,
4898,0.006711409395973154,0.02348993288590604,
4899,0.012269938650306749,0.0,
4900,0.007782101167315175,0.019455252918287938,
4901,0.0,0.0,0.0
4902,0.0,0.0,0.0
4903,0.019762845849802372,0.0,
4904,0.0149812734082397,0.02247191011235955,
4905,0.0,0.0,0.0
4906,0.21031746031746032,0.023809523809523808,
4907,0.01092896174863388,0.0,0.8087431693989071
4908,0.0436241610738255,0.07718120805369127,
4909,0.0,0.027237354085603113,
4910,0.0071174377224199285,0.0035587188612099642,
4911,0.0,0.0,0.0
4912,0.0,0.0,0.0
4913,0.02973977695167286,0.0,0.0
4914,0.006211180124223602,0.0,
4915,0.003367003367003367,0.0,
4916,0.09215017064846416,0.051194539249146756,
4917,0.01597444089456869,0.0,0.0
4918,0.0,0.0,0.0
4919,0.0,0.0,0.0
4920,0.0,0.003436426116838488,0.0
4921,0.025477707006369428,0.0,0.0
4922,0.0,0.0,0.0
4923,0.0,0.0,0.0
4924,0.0,0.0028653295128939827,
4925,0.0,0.0,0.0
4926,0.0,0.0,0.0
4927,0.0,0.0,0.0
4928,0.15483870967741936,0.1064516129032258,
4929,0.0,0.0,0.0
4930,0.0,0.0,0.0
4931,0.0,0.0,0.0
4932,0.06206896551724138,0.0,0.0
4933,0.028112449799196786,0.008032128514056224,
4934,0.09090909090909091,0.0,0.0
4935,0.0,0.0,0.0
4936,0.0,0.0,
4937,0.07476635514018691,0.03115264797507788,
4938,0.11406844106463879,0.0038022813688212928,
4939,0.0,0.0,0.0
4940,0.027548209366391185,0.0,0.650137741046832
4941,0.0,0.0,0.0
4942,0.003816793893129771,0.0,0.0
4943,0.020833333333333332,0.011904761904761904,
4944,0.0,0.0,0.0
4945,0.0,0.0,
4946,0.013605442176870748,0.02040816326530612,
4947,0.0,0.0,0.0
4948,0.0,0.0,
4949,0.01048951048951049,0.0034965034965034965,
4950,0.0,0.0,
4951,0.0392156862745098,0.0,0.0
4952,0.020080321285140562,0.0,
4953,0.0,0.0,0.0
4954,0.0,0.0,0.0
4955,0.0,0.020689655172413793,
4956,0.0297029702970297,0.006600660066006601,
4957,0.0037313432835820895,0.007462686567164179,
4958,0.0,0.0,0.0
4959,0.0,0.0,0.0
4960,0.007220216606498195,0.0,0.0
4961,0.0,0.0,0.0
4962,0.0,0.0,0.0
4963,0.08764940239043825,0.01195219123505976,
4964,0.06802721088435375,0.05102040816326531,
4965,0.0,0.0,0.0
4966,0.0036363636363636364,0.0,0.0
4967,0.0,0.0,0.0
4968,0.0,0.0,
4969,0.023333333333333334,0.0,0.67
4970,0.003389830508474576,0.0,0.0
4971,0.0,0.0,0.0
4972,0.0,0.0,0.0
4973,0.0,0.0,0.0
4974,0.004048582995951417,0.0,
4975,0.0,0.0,0.0
4976,0.0,0.00749063670411985,
4977,0.01532567049808429,0.0,
4978,0.0034965034965034965,0.0,0.0
4979,0.01694915254237288,0.0,0.003389830508474576
4980,0.058394160583941604,0.0,0.0
4981,0.0,0.007220216606498195,
4982,0.0,0.0,0.0
4983,0.007751937984496124,0.0,0.0
4984,0.030927835051546393,0.0,0.0
4985,0.0,0.0,0.0
4986,0.0,0.0,0.0
4987,0.013986013986013986,0.0,
4988,0.0,0.0,0.0
4989,0.0036101083032490976,0.0036101083032490976,
4990,0.025236593059936908,0.0,0.48580441640378547
4991,0.0,0.0,0.0
4992,0.0037593984962406013,0.0,0.0
4993,0.0,0.0,0.0
4994,0.02120141342756184,0.024734982332155476,
4995,0.0,0.0,0.0
4996,0.0038314176245210726,0.0,0.0
4997,0.16722408026755853,0.03678929765886288,
4998,0.0,0.019157088122605363,
4999,0.0032679738562091504,0.0,0.0
5000,0.0,0.0,0.0
5001,0.0,0.0,0.0
5002,0.1183206106870229,0.03435114503816794,
5003,0.0,0.0,0.0
5004,0.027210884353741496,0.0,0.0
5005,0.04263565891472868,0.015503875968992248,
5006,0.0,0.0,0.0
5007,0.0,0.012578616352201259,
5008,0.0,0.0,0.0
5009,0.0,0.0,0.0
5010,0.0038910505836575876,0.0311284046692607,
5011,0.0,0.0,0.0
5012,0.0,0.0,0.0
5013,0.0,0.0,0.0
5014,0.0037735849056603774,0.0,0.0
5015,0.0037735849056603774,0.0,0.0
5016,0.0,0.0,
5017,0.013071895424836602,0.0,0.0
5018,0.003663003663003663,0.007326007326007326,
5019,0.023972602739726026,0.017123287671232876,
5020,0.01092896174863388,0.0,0.8224043715846995
5021,0.029605263157894735,0.0,0.506578947368421
5022,0.0,0.0,0.0
5023,0.0,0.0,0.0
5024,0.0,0.0,0.0
5025,0.003703703703703704,0.0,0.0
5026,0.03180212014134275,0.0,0.0
5027,0.0,0.0,0.0
5028,0.0,0.0,0.0
5029,0.0,0.0078125,
5030,0.0,0.0,0.0
5031,0.0,0.0,0.0
5032,0.0033444816053511705,0.0,
5033,0.0,0.0,0.0
5034,0.0,0.04844290657439446,
5035,0.018867924528301886,0.0,0.0
5036,0.0,0.0,0.0
5037,0.07580174927113703,0.023323615160349854,
5038,0.0033444816053511705,0.0,0.0
5039,0.0,0.0,0.0
5040,0.0,0.0,0.0
5041,0.0,0.0,0.0
5042,0.046583850931677016,0.031055900621118012,
5043,0.0,0.0,
5044,0.017793594306049824,0.0,0.0
5045,0.0,0.0,0.0
5046,0.0,0.0,0.0
5047,0.0471976401179941,0.0,0.696165191740413
5048,0.006578947368421052,0.0,0.0
5049,0.08185053380782918,0.0,0.0
5050,0.011538461538461539,0.0,
5051,0.0,0.0,0.0
5052,0.03488372093023256,0.003875968992248062,
5053,0.0,0.006349206349206349,
5054,0.0,0.0,0.0
5055,0.0,0.0,0.0
5056,0.0,0.0,
5057,0.0,0.0,0.0
5058,0.0,0.0,
5059,0.028985507246376812,0.002898550724637681,0.6840579710144927
5060,0.017921146953405017,0.0,0.0
5061,0.0,0.0,0.0
5062,0.004032258064516129,0.05241935483870968,
5063,0.0,0.0,0.0
5064,0.0038314176245210726,0.0,0.0
5065,0.0,0.0,0.0
5066,0.0,0.0,0.0
5067,0.046822742474916385,0.0,0.0
5068,0.025157232704402517,0.0,0.0
5069,0.006756756756756757,0.0,0.0
5070,0.010869565217391304,0.018115942028985508,
5071,0.008438818565400843,0.004219409282700422,
5072,0.0,0.0,0.0
5073,0.0,0.0,0.0
5074,0.0,0.0,0.0
5075,0.0,0.0070921985815602835,
5076,0.0,0.01953125,
5077,0.04602510460251046,0.0041841004184100415,
5078,0.024822695035460994,0.0,
5079,0.003703703703703704,0.0,0.0
5080,0.0,0.0,0.0
5081,0.0,0.0,0.0
5082,0.043010752688172046,0.021505376344086023,
5083,0.0,0.0,0.0
5084,0.0,0.0,0.0
5085,0.0,0.0,0.0
5086,0.0,0.0,0.0
5087,0.0,0.0,0.0
5088,0.1288135593220339,0.0,0.0
5089,0.007380073800738007,0.0036900369003690036,
5090,0.0,0.0,0.0
5091,0.004032258064516129,0.0,0.0
5092,0.0,0.007633587786259542,
5093,0.014285714285714285,0.007142857142857143,
5094,0.0,0.0,0.0
5095,0.0,0.0,
5096,0.0036496350364963502,0.0,0.0
5097,0.0,0.0,0.0
5098,0.0,0.0,0.0
5099,0.0,0.0,0.0
5100,0.009230769230769232,0.018461538461538463,
5101,0.0,0.0,0.0
5102,0.026402640264026403,0.04950495049504951,
5103,0.007220216606498195,0.0,0.0
5104,0.0,0.00823045267489712,
5105,0.09217877094972067,0.0782122905027933,
5106,0.010899182561307902,0.0,0.7084468664850136
5107,0.01953125,0.0,
5108,0.07612456747404844,0.0,
5109,0.003472222222222222,0.0,0.0
5110,0.0,0.0,
5111,0.015479876160990712,0.1393188854489164,
5112,0.008547008547008548,0.0,
5113,0.011627906976744186,0.0,
5114,0.030612244897959183,0.0,0.0
5115,0.0,0.0,0.0
5116,0.0035335689045936395,0.0,0.0
5117,0.0,0.027131782945736434,
5118,0.04597701149425287,0.0,0.0
5119,0.06115107913669065,0.007194244604316547,
5120,0.0,0.0,0.0
5121,0.011194029850746268,0.0,0.0
5122,0.0,0.0,0.0
5123,0.011019283746556474,0.0,0.9035812672176309
5124,0.0,0.0,0.0
5125,0.0,0.0,0.0
5126,0.0,0.0,0.0
5127,0.0,0.0,
5128,0.0,0.0,0.0
5129,0.0,0.0,
5130,0.0,0.0,0.0
5131,0.012944983818770227,0.0,0.459546925566343
5132,0.0,0.0,0.0
5133,0.0,0.0,0.0
5134,0.0,0.0,0.0
5135,0.003952569169960474,0.0,0.0
5136,0.0,0.0,0.0
5137,0.0,0.0,0.0
5138,0.0037174721189591076,0.0,0.0
5139,0.0,0.0,0.0
5140,0.0,0.0,0.0
5141,0.0,0.0,0.0
5142,0.0110803324099723,0.0,0.8448753462603878
5143,0.0,0.0,0.0
5144,0.03591160220994475,0.0,0.8425414364640884
5145,0.003676470588235294,0.0,0.0
5146,0.0,0.0,0.0
5147,0.0,0.0,0.0
5148,0.003816793893129771,0.015267175572519083,0.0
5149,0.0,0.0,
5150,0.006557377049180328,0.0,0.3114754098360656
5151,0.0,0.0,
5152,0.044715447154471545,0.0040650406504065045,
5153,0.0,0.0031847133757961785,0.0
5154,0.0,0.0,0.0
5155,0.0,0.0,0.0
5156,0.006920415224913495,0.0,0.0
5157,0.0,0.0,0.0
5158,0.022222222222222223,0.0,0.638095238095238
5159,0.0,0.0,0.0
5160,0.05384615384615385,0.0,0.0
5161,0.025396825396825397,0.009523809523809525,
5162,0.014035087719298246,0.0035087719298245615,
5163,0.0,0.0,
5164,0.0,0.0034602076124567475,
5165,0.011811023622047244,0.0,
5166,0.0,0.0,0.0
5167,0.0,0.0,0.0
5168,0.010899182561307902,0.0,0.8610354223433242
5169,0.0,0.0,0.0
5170,0.0,0.0,0.0
5171,0.0,0.0,0.0
5172,0.0,0.0,0.0
5173,0.014814814814814815,0.0,
5174,0.019801980198019802,0.0,0.5082508250825083
5175,0.0,0.0,0.0
5176,0.015503875968992248,0.011627906976744186,
5177,0.0,0.0,0.0
5178,0.010899182561307902,0.0,0.8801089918256131
5179,0.16083916083916083,0.04195804195804196,
5180,0.0033222591362126247,0.0,0.0
5181,0.044585987261146494,0.006369426751592357,
5182,0.0,0.0,0.0
5183,0.00390625,0.015625,
5184,0.0,0.0,0.0
5185,0.0,0.0,0.0
5186,0.1672473867595819,0.010452961672473868,
5187,0.0,0.003389830508474576,
5188,0.0,0.0,0.0
5189,0.036,0.0,
5190,0.007547169811320755,0.0,0.0
5191,0.023026315789473683,0.0,0.0
5192,0.011152416356877323,0.026022304832713755,
5193,0.014705882352941176,0.014705882352941176,
5194,0.026615969581749048,0.0,0.0
5195,0.0,0.0,0.0
5196,0.0,0.0,0.0
5197,0.003355704697986577,0.003355704697986577,
5198,0.003257328990228013,0.0,0.0
5199,0.003703703703703704,0.0,
5200,0.0,0.0,0.0
5201,0.003215434083601286,0.0,0.0
5202,0.0,0.0,0.0
5203,0.0,0.0,0.0
5204,0.04430379746835443,0.0,
5205,0.0,0.0,0.0
5206,0.007272727272727273,0.0,0.0
5207,0.0,0.0,0.0
5208,0.01092896174863388,0.0,0.8661202185792349
5209,0.0,0.00784313725490196,
5210,0.0,0.0038314176245210726,
5211,0.026936026936026935,0.003367003367003367,
5212,0.0,0.0,0.0
5213,0.0,0.0,
5214,0.0,0.0,0.0
5215,0.0035335689045936395,0.007067137809187279,
5216,0.006920415224913495,0.0,0.0
5217,0.12666666666666668,0.013333333333333334,
5218,0.0,0.0,0.0
5219,0.0,0.0,0.0
5220,0.0,0.0,0.0
5221,0.0,0.0,0.0
5222,0.0029585798816568047,0.0,0.29289940828402367
5223,0.0,0.0,
5224,0.029411764705882353,0.0,
5225,0.0036496350364963502,0.0072992700729927005,
5226,0.003401360544217687,0.0,0.0
5227,0.0,0.0,0.0
5228,0.008368200836820083,0.0041841004184100415,
5229,0.022151898734177215,0.0,0.0
5230,0.003436426116838488,0.0,0.0
5231,0.015267175572519083,0.0,
5232,0.036544850498338874,0.0033222591362126247,
5233,0.01968503937007874,0.0,0.0
5234,0.0,0.0,0.0
5235,0.0,0.0,0.0
5236,0.003436426116838488,0.010309278350515464,
5237,0.0634441087613293,0.0,
5238,0.004,0.008,
5239,0.0,0.0,0.0
5240,0.0,0.0,0.0
5241,0.007936507936507936,0.0,0.0
5242,0.029508196721311476,0.0,0.0
5243,0.0,0.0,0.0
5244,0.21568627450980393,0.011764705882352941,
5245,0.0,0.0,0.0
5246,0.006968641114982578,0.010452961672473868,
5247,0.0,0.0,0.0
5248,0.003745318352059925,0.00749063670411985,
5249,0.0,0.0,0.0
5250,0.0,0.0037735849056603774,0.0
5251,0.0,0.007518796992481203,
5252,0.018315018315018316,0.0,0.0
5253,0.028328611898016998,0.0,0.7195467422096318
5254,0.0,0.0035335689045936395,
5255,0.0,0.0,0.0
5256,0.0,0.0,0.0
5257,0.0,0.0,0.0
5258,0.0,0.0,
5259,0.0,0.003289473684210526,
5260,0.0,0.00819672131147541,
5261,0.0,0.0,0.0
5262,0.003105590062111801,0.0,
5263,0.0,0.0,0.0
5264,0.019498607242339833,0.0,0.7883008356545961
5265,0.0,0.0,0.0
5266,0.0,0.0,0.0
5267,0.014388489208633094,0.0,0.0
5268,0.07924528301886792,0.04905660377358491,
5269,0.0,0.0,0.0
5270,0.0,0.0,0.0
5271,0.015625,0.0,0.475
5272,0.07777777777777778,0.003703703703703704,
5273,0.05177993527508091,0.009708737864077669,
5274,0.0,0.02390438247011952,
5275,0.0,0.0,0.0
5276,0.0,0.003401360544217687,
5277,0.006153846153846154,0.0,
5278,0.0,0.0,0.0
5279,0.0,0.0,0.0
5280,0.01486988847583643,0.02973977695167286,
5281,0.0,0.03550295857988166,0.0
5282,0.06818181818181818,0.03896103896103896,
5283,0.0,0.0,0.0
5284,0.006493506493506494,0.0,0.0
5285,0.035842293906810034,0.0,0.0
5286,0.019337016574585635,0.0,0.7817679558011049
5287,0.05514705882352941,0.003676470588235294,
5288,0.0,0.011363636363636364,
5289,0.0,0.0,0.0
5290,0.003703703703703704,0.0,
5291,0.025547445255474453,0.010948905109489052,
5292,0.08949416342412451,0.0038910505836575876,
5293,0.1349206349206349,0.007936507936507936,
5294,0.0,0.0,
5295,0.0,0.0,
5296,0.0,0.0,0.0
5297,0.003401360544217687,0.0,
5298,0.0,0.0,0.0
5299,0.024691358024691357,0.024691358024691357,
5300,0.0,0.0,0.0
5301,0.0,0.0,0.0
5302,0.003436426116838488,0.01718213058419244,
5303,0.0,0.0,
5304,0.0,0.0,
5305,0.0,0.0,0.0
5306,0.012779552715654952,0.0,0.6932907348242812
5307,0.0,0.0,0.0
5308,0.0,0.0,0.0
5309,0.0,0.0,0.0
5310,0.0,0.0,0.0
5311,0.0,0.0,0.0
5312,0.006896551724137931,0.0,0.0
5313,0.003937007874015748,0.0,0.0
5314,0.0034602076124567475,0.0,0.0
5315,0.0,0.0,0.0
5316,0.0,0.0,0.0
5317,0.0,0.0,0.0
5318,0.0,0.0,0.0
5319,0.0033003300330033004,0.0,
5320,0.0,0.009174311926605505,
5321,0.028662420382165606,0.0,0.5923566878980892
5322,0.0,0.0,0.0
5323,0.003472222222222222,0.013888888888888888,
5324,0.007272727272727273,0.0,0.0
5325,0.0,0.0,0.0
5326,0.0,0.0,0.0
5327,0.07457627118644068,0.0,
5328,0.03591160220994475,0.0,0.8425414364640884
5329,0.0,0.0,0.0
5330,0.0,0.0,0.0
5331,0.0038910505836575876,0.0,0.0
5332,0.025925925925925925,0.003703703703703704,
5333,0.011904761904761904,0.01984126984126984,
5334,0.024922118380062305,0.0,0.6105919003115264
5335,0.0,0.0,0.0
5336,0.0,0.0,
5337,0.046153846153846156,0.0,0.19230769230769232
5338,0.0,0.0,0.0
5339,0.0,0.0,0.0
5340,0.0036101083032490976,0.0,
5341,0.0,0.0,0.0
5342,0.0,0.0,0.0
5343,0.0,0.0,0.0
5344,0.0,0.0,0.0
5345,0.0,0.0,0.0
5346,0.0,0.0,0.0
5347,0.17192982456140352,0.08421052631578947,
5348,0.003968253968253968,0.0,0.0
5349,0.010714285714285714,0.007142857142857143,
5350,0.007547169811320755,0.011320754716981131,
5351,0.0,0.0,0.0
5352,0.0,0.0,0.0
5353,0.027888446215139442,0.01593625498007968,
5354,0.15714285714285714,0.0,0.5142857142857142
5355,0.0,0.0,0.0
5356,0.0,0.0,0.0
5357,0.01020408163265306,0.01020408163265306,
5358,0.009966777408637873,0.0,0.0
5359,0.0,0.0,0.0
5360,0.0,0.0,0.0
5361,0.025,0.02142857142857143,
5362,0.13541666666666666,0.0,
5363,0.0,0.0,0.0
5364,0.02877697841726619,0.01079136690647482,
5365,0.0,0.0,0.0
5366,0.0,0.0,0.0
5367,0.051194539249146756,0.0,0.0
5368,0.0,0.0,0.0
5369,0.0,0.0,0.0
5370,0.0035971223021582736,0.0,0.0
5371,0.0,0.0,
5372,0.0,0.0,0.0
5373,0.025806451612903226,0.1064516129032258,
5374,0.01056338028169014,0.056338028169014086,
5375,0.0,0.0,0.0
5376,0.0,0.0,0.0
5377,0.019943019943019943,0.06552706552706553,
5378,0.06645569620253164,0.03481012658227848,
5379,0.003875968992248062,0.0,0.0
5380,0.0,0.011450381679389313,
5381,0.0,0.0,0.0
5382,0.0,0.0,0.0
5383,0.0,0.007194244604316547,
5384,0.0,0.0,0.0
5385,0.0,0.0,0.0
5386,0.0,0.014492753623188406,
5387,0.0,0.0,0.0
5388,0.0,0.0034602076124567475,0.0
5389,0.0035460992907801418,0.0,
5390,0.08231707317073171,0.003048780487804878,
5391,0.0,0.0,0.0
5392,0.0,0.0,0.0
5393,0.0,0.0,
5394,0.010452961672473868,0.003484320557491289,
5395,0.0,0.0,0.0
5396,0.08921933085501858,0.0,
5397,0.003067484662576687,0.0,0.0
5398,0.0,0.0,0.0
5399,0.024024024024024024,0.0,0.4624624624624625
5400,0.0,0.003067484662576687,
5401,0.0,0.003134796238244514,
5402,0.0,0.0,0.0
5403,0.0,0.0,0.0
5404,0.0,0.0,0.0
5405,0.0,0.0,0.0
5406,0.030211480362537766,0.0,0.0
5407,0.0,0.0,
5408,0.0,0.0036101083032490976,
5409,0.0,0.007462686567164179,
5410,0.0,0.0,
5411,0.0,0.0,
5412,0.004098360655737705,0.0,0.0
5413,0.0,0.0,0.0
5414,0.0,0.0,0.0
5415,0.0,0.01090909090909091,0.0
5416,0.0,0.0,0.0
5417,0.0,0.0,0.0
5418,0.011267605633802818,0.0,0.38028169014084506
5419,0.00390625,0.0,
5420,0.0,0.0,0.0
5421,0.03804347826086957,0.0,0.8288043478260869
5422,0.0,0.017421602787456445,
5423,0.0,0.0,0.0
5424,0.030555555555555555,0.008333333333333333,
5425,0.04895104895104895,0.0,
5426,0.0,0.0,0.0
5427,0.007380073800738007,0.0,0.0
5428,0.0,0.0,0.0
5429,0.00967741935483871,0.0,0.267741935483871
5430,0.0,0.0,
5431,0.0,0.0,0.0
5432,0.054901960784313725,0.01568627450980392,
5433,0.0037735849056603774,0.007547169811320755,
5434,0.003937007874015748,0.0,0.0
5435,0.0,0.0,0.0
5436,0.0,0.0,0.0
5437,0.013029315960912053,0.0,0.0
5438,0.0,0.0,
5439,0.030418250950570342,0.057034220532319393,
5440,0.10330578512396695,0.04132231404958678,
5441,0.06474820143884892,0.025179856115107913,
5442,0.007017543859649123,0.0,0.0
5443,0.0043859649122807015,0.021929824561403508,
5444,0.0,0.0,
5445,0.0029154518950437317,0.0,0.0
5446,0.09836065573770492,0.003278688524590164,0.0
5447,0.006514657980456026,0.0,
5448,0.0,0.0,0.0
5449,0.007547169811320755,0.0,
5450,0.0211864406779661,0.059322033898305086,
5451,0.00749063670411985,0.003745318352059925,
5452,0.021505376344086023,0.0,
5453,0.0,0.0,0.0
5454,0.0,0.0,0.0
5455,0.010869565217391304,0.0,0.8614130434782609
5456,0.0036496350364963502,0.0,0.0
5457,0.03985507246376811,0.0036231884057971015,
5458,0.018518518518518517,0.0,0.0
5459,0.0,0.0,0.0
5460,0.0,0.0,0.0
5461,0.02888086642599278,0.02888086642599278,
5462,0.0,0.012244897959183673,
5463,0.0,0.0,0.0
5464,0.003236245954692557,0.0,0.0
5465,0.08088235294117647,0.0,
5466,0.0,0.0,0.0
5467,0.0,0.0,0.0
5468,0.036734693877551024,0.024489795918367346,
5469,0.011029411764705883,0.0,0.0
5470,0.0,0.0,0.0
5471,0.039886039886039885,0.0,0.5498575498575499
5472,0.0,0.0,0.0
5473,0.0,0.0,0.0
5474,0.026217228464419477,0.10861423220973783,
5475,0.0,0.0,0.0
5476,0.5292397660818714,0.0,0.0029239766081871343
5477,0.011904761904761904,0.0,0.7857142857142857
5478,0.0,0.0,0.0
5479,0.024390243902439025,0.03832752613240418,
5480,0.0,0.0,0.0
5481,0.0,0.0,0.0
5482,0.0,0.0,0.0
5483,0.006535947712418301,0.0,0.33986928104575165
5484,0.0,0.0,0.0
5485,0.0,0.0,0.0
5486,0.06333333333333334,0.05333333333333334,
5487,0.0,0.0,0.0
5488,0.0,0.0,0.0
5489,0.0,0.0,0.0
5490,0.0,0.0,0.0
5491,0.006734006734006734,0.0,0.0
5492,0.0035587188612099642,0.0,0.0
5493,0.009868421052631578,0.0,0.47368421052631576
5494,0.0,0.0,0.0
5495,0.0036363636363636364,0.0,0.0
5496,0.01195219123505976,0.0,0.0
5497,0.0,0.0,0.0
5498,0.0,0.0,0.0
5499,0.0,0.0,0.0
5500,0.0,0.0,0.0
5501,0.010309278350515464,0.003436426116838488,
5502,0.020491803278688523,0.0,0.0
5503,0.0,0.0,0.0
5504,0.0,0.0,0.0
5505,0.01,0.013333333333333334,
5506,0.0,0.0,0.0
5507,0.0,0.0,0.0
5508,0.0,0.0,0.0
5509,0.0,0.0,0.0
5510,0.0,0.0,0.0
5511,0.0,0.0,0.0
5512,0.0,0.0,0.0
5513,0.05782312925170068,0.11224489795918367,
5514,0.0,0.0,0.0
5515,0.0,0.0,0.0
5516,0.0036101083032490976,0.0,0.0
5517,0.022988505747126436,0.0,0.0
5518,0.0,0.013793103448275862,
5519,0.00821917808219178,0.0,0.7479452054794521
5520,0.0,0.0036900369003690036,0.0
5521,0.07796610169491526,0.07457627118644068,
5522,0.0,0.0,0.0
5523,0.0,0.0,0.0
5524,0.0,0.0,0.0
5525,0.0,0.0,0.0
5526,0.003236245954692557,0.0,0.0
5527,0.0,0.0,0.0
5528,0.0,0.0,0.0
5529,0.0035211267605633804,0.0,0.0
5530,0.0,0.0,0.0
5531,0.0,0.0,0.0
5532,0.0,0.0,0.0
5533,0.014164305949008499,0.0,0.6147308781869688
5534,0.0034602076124567475,0.0,0.0
5535,0.017123287671232876,0.030821917808219176,
5536,0.0,0.0,0.0
5537,0.0,0.0,0.0
5538,0.0033444816053511705,0.0033444816053511705,
5539,0.01092896174863388,0.0,0.8661202185792349
5540,0.005988023952095809,0.0029940119760479044,
5541,0.0,0.0,0.0
5542,0.00784313725490196,0.0,
5543,0.0,0.0,0.0
5544,0.0,0.0,0.0
5545,0.013468013468013467,0.006734006734006734,
5546,0.0,0.003787878787878788,0.0
5547,0.013623978201634877,0.0,0.7602179836512262
5548,0.028846153846153848,0.0,0.4935897435897436
5549,0.006920415224913495,0.0,0.0
5550,0.007017543859649123,0.0,0.0
5551,0.0,0.0,0.0
5552,0.0,0.0,0.0
5553,0.007633587786259542,0.0,0.0
5554,0.0,0.0,0.0
5555,0.006172839506172839,0.0,0.0
5556,0.0,0.0,0.0
5557,0.0,0.0,0.0
5558,0.0,0.0,0.0
5559,0.0035211267605633804,0.0,0.0
5560,0.0,0.0,0.0
5561,0.0,0.0,0.0
5562,0.0,0.0,0.0
5563,0.0,0.0,0.0
5564,0.0,0.0,0.0
5565,0.0,0.0,0.0
5566,0.003205128205128205,0.0,0.0
5567,0.012903225806451613,0.012903225806451613,0.47419354838709676
5568,0.0,0.0,0.0
5569,0.0,0.0,0.0
5570,0.00964630225080386,0.0,0.0
5571,0.0,0.0,0.0
5572,0.0,0.0,0.0
5573,0.01875,0.0,0.60625
5574,0.0,0.0,0.0
5575,0.05338078291814947,0.0,0.0
5576,0.0,0.0,0.0
5577,0.0,0.0,0.0
5578,0.0,0.0,0.0
5579,0.008264462809917356,0.0,0.9118457300275482
5580,0.006756756756756757,0.0,0.0
5581,0.0,0.0,0.0
5582,0.0,0.003703703703703704,0.0
5583,0.0,0.0,0.0
5584,0.0,0.0,0.0
5585,0.01634877384196185,0.0,0.8119891008174387
5586,0.0,0.0,0.0
5587,0.0,0.004484304932735426,
5588,0.0,0.0,0.0
5589,0.0,0.0,0.0
5590,0.003424657534246575,0.003424657534246575,
5591,0.0036363636363636364,0.0,0.0
5592,0.28888888888888886,0.0,
5593,0.026022304832713755,0.0,0.0
5594,0.0038910505836575876,0.0,0.0
5595,0.006622516556291391,0.0,0.0
5596,0.0,0.0,
5597,0.0036231884057971015,0.0,0.0
5598,0.2053872053872054,0.1111111111111111,
5599,0.0,0.0,0.0
5600,0.0,0.0,0.0
5601,0.26848249027237353,0.011673151750972763,
5602,0.14338235294117646,0.10294117647058823,
5603,0.0,0.0,0.0
5604,0.0,0.0,0.0
5605,0.014388489208633094,0.0,0.0
5606,0.0033444816053511705,0.0033444816053511705,
5607,0.0,0.0,0.0
5608,0.029045643153526972,0.0,0.0
5609,0.0,0.0,0.0
5610,0.0,0.0,0.0
5611,0.0,0.0,0.0
5612,0.0035971223021582736,0.0,0.0
5613,0.0,0.0,0.0
5614,0.0,0.0034482758620689655,
5615,0.0036900369003690036,0.0,0.0
5616,0.0,0.0,0.0
5617,0.0,0.0,0.0
5618,0.013850415512465374,0.0,0.8725761772853186
5619,0.019169329073482427,0.0,0.0
5620,0.0036496350364963502,0.0,0.0
5621,0.043478260869565216,0.0,0.0
5622,0.0,0.008097165991902834,
5623,0.013888888888888888,0.0,0.8972222222222223
5624,0.008522727272727272,0.0,0.8664772727272727
5625,0.0273972602739726,0.13356164383561644,
5626,0.20463320463320464,0.0,
5627,0.013157894736842105,0.0,0.46710526315789475
5628,0.0,0.0,0.0
5629,0.0033783783783783786,0.0,0.0
5630,0.09415584415584416,0.048701298701298704,
5631,0.07348242811501597,0.07667731629392971,
5632,0.0,0.0,0.0
5633,0.0078125,0.0,0.0
5634,0.0,0.0,0.0
5635,0.007168458781362007,0.0,0.0
5636,0.030120481927710843,0.0,0.6325301204819277
5637,0.026615969581749048,0.034220532319391636,
5638,0.121875,0.078125,
5639,0.02666666666666667,0.0,0.3466666666666667
5640,0.00821917808219178,0.0,0.8054794520547945
5641,0.0,0.0,0.0
5642,0.03283582089552239,0.0,0.7044776119402985
5643,0.0,0.01607717041800643,0.0
5644,0.0,0.0,0.0
5645,0.0449438202247191,0.0,0.0
5646,0.025735294117647058,0.0,0.0
5647,0.0,0.0,
5648,0.0,0.0,0.0
5649,0.0,0.0,0.0
5650,0.0,0.0,0.0
5651,0.0,0.0,0.0
5652,0.0,0.0,0.0
5653,0.0,0.0,0.0
5654,0.007142857142857143,0.0,0.0
5655,0.00625,0.0,0.0
5656,0.0,0.0,0.0
5657,0.0,0.0,0.0
5658,0.012195121951219513,0.06707317073170732,
5659,0.0,0.0,0.0
5660,0.0,0.0,0.0
5661,0.03003003003003003,0.0,0.7087087087087087
5662,0.011857707509881422,0.003952569169960474,
5663,0.0,0.0,0.0
5664,0.13306451612903225,0.0,0.0
5665,0.0,0.0,0.0
5666,0.011320754716981131,0.0,0.0
5667,0.0,0.0,0.0
5668,0.0,0.010416666666666666,
5669,0.0034602076124567475,0.0,0.0
5670,0.19865319865319866,0.09427609427609428,
5671,0.06070287539936102,0.009584664536741214,
5672,0.0,0.0,0.0
5673,0.003861003861003861,0.0,0.0
5674,0.0,0.0,0.0
5675,0.0,0.0,0.0
5676,0.0,0.0,0.0
5677,0.0,0.012345679012345678,
5678,0.0,0.0,0.0
5679,0.044444444444444446,0.0,0.0
5680,0.0,0.0,0.0
5681,0.0038910505836575876,0.0,0.0
5682,0.0,0.024305555555555556,
5683,0.0,0.0,0.0
5684,0.0,0.0028735632183908046,
5685,0.0,0.003257328990228013,0.0
5686,0.0,0.0,0.0
5687,0.0,0.0,0.0
5688,0.031609195402298854,0.0,0.6264367816091954
5689,0.013071895424836602,0.0,0.5686274509803921
5690,0.007246376811594203,0.036231884057971016,
5691,0.0,0.0,0.0
5692,0.0,0.0,0.0
5693,0.036544850498338874,0.03322259136212625,
5694,0.0,0.0,0.0
5695,0.019230769230769232,0.0,0.47115384615384615
5696,0.0,0.0,0.0
5697,0.0,0.0,0.0
5698,0.006557377049180328,0.0,0.0
5699,0.0,0.0,0.0
5700,0.0,0.0,0.0
5701,0.013986013986013986,0.0,0.0
5702,0.003246753246753247,0.0,0.0
5703,0.0,0.0,0.0
5704,0.0037313432835820895,0.0,0.0
5705,0.0,0.0,0.0
5706,0.010067114093959731,0.0,0.0
5707,0.10057471264367816,0.031609195402298854,
5708,0.05825242718446602,0.0744336569579288,
5709,0.0694980694980695,0.0,0.0
5710,0.0,0.0,0.0
5711,0.0,0.0,0.0
5712,0.003703703703703704,0.0,0.0
5713,0.019444444444444445,0.0,0.8833333333333333
5714,0.0,0.0,0.0
5715,0.0,0.0,0.0
5716,0.0,0.007575757575757576,
5717,0.0,0.0,0.0
5718,0.019337016574585635,0.0,0.919889502762431
5719,0.0,0.003472222222222222,
5720,0.0,0.0,0.0
5721,0.0,0.0,0.0
5722,0.04938271604938271,0.0,0.0
5723,0.0,0.0,0.0
5724,0.01694915254237288,0.0,0.0
5725,0.0037313432835820895,0.022388059701492536,
5726,0.0035842293906810036,0.014336917562724014,
5727,0.0,0.0,0.0
5728,0.03187250996015936,0.00796812749003984,
5729,0.04477611940298507,0.0037313432835820895,
5730,0.041237113402061855,0.0,0.0
5731,0.0,0.0,0.0
5732,0.02040816326530612,0.0,
5733,0.012779552715654952,0.006389776357827476,
5734,0.0,0.0,0.0
5735,0.03492063492063492,0.0,0.0
5736,0.014035087719298246,0.0035087719298245615,
5737,0.02287581699346405,0.0,0.0
5738,0.0,0.0,0.0
5739,0.0,0.0,0.0
5740,0.0,0.0,0.0
5741,0.0,0.0,0.0
5742,0.0,0.0,0.0
5743,0.028225806451612902,0.0,0.0
5744,0.0,0.0,
5745,0.003436426116838488,0.0,0.0
5746,0.010273972602739725,0.0,0.4075342465753425
5747,0.003215434083601286,0.0,0.0
5748,0.0,0.0,0.0
5749,0.0,0.0,0.0
5750,0.0,0.0,0.0
5751,0.008152173913043478,0.0,0.8016304347826086
5752,0.022556390977443608,0.0,0.0
5753,0.0,0.0,0.0
5754,0.0,0.0,0.0
5755,0.03501945525291829,0.0038910505836575876,
5756,0.0035842293906810036,0.0,0.0
5757,0.0,0.0,0.0
5758,0.007246376811594203,0.010869565217391304,
5759,0.02456140350877193,0.0,0.0
5760,0.00392156862745098,0.0,0.0
5761,0.007246376811594203,0.0,0.0
5762,0.0,0.0,0.0
5763,0.0,0.0,0.0
5764,0.0,0.0,0.0
5765,0.0,0.0,0.0
5766,0.0,0.0,0.0
5767,0.0,0.0,0.0
5768,0.05791505791505792,0.011583011583011582,
5769,0.030120481927710843,0.0,
5770,0.0,0.0,0.0
5771,0.0,0.0,0.0
5772,0.01607717041800643,0.0,0.0
5773,0.003257328990228013,0.0,0.0
5774,0.0,0.0,0.0
5775,0.0,0.0,0.0
5776,0.00816326530612245,0.0,0.0
5777,0.020527859237536656,0.0,0.0
5778,0.0,0.0,0.0
5779,0.0034602076124567475,0.0,0.0
5780,0.020761245674740483,0.0,0.0
5781,0.0,0.0,0.0
5782,0.03146853146853147,0.0,0.0
5783,0.07086614173228346,0.007874015748031496,
5784,0.0,0.0,0.0
5785,0.0,0.0,0.0
5786,0.0,0.0,0.0
5787,0.0,0.0,0.0
5788,0.0,0.009316770186335404,
5789,0.0,0.0,0.0
5790,0.0,0.0,0.0
5791,0.0784313725490196,0.016339869281045753,
5792,0.010309278350515464,0.006872852233676976,
5793,0.016129032258064516,0.0,0.49032258064516127
5794,0.0,0.0,0.0
5795,0.0,0.0,0.0
5796,0.0,0.0,
5797,0.0033444816053511705,0.0,0.0
5798,0.0,0.0,0.0
5799,0.0,0.0,0.0
5800,0.0,0.0,0.0
5801,0.027247956403269755,0.0,0.782016348773842
5802,0.10943396226415095,0.0,
5803,0.0,0.0,0.0
5804,0.0,0.0,0.0
5805,0.03873239436619718,0.0,0.0
5806,0.0,0.0,0.0
5807,0.006006006006006006,0.0,0.0
5808,0.0,0.0,0.0
5809,0.006920415224913495,0.0,0.0
5810,0.0,0.0,0.0
5811,0.0,0.0,0.0
5812,0.022058823529411766,0.0,0.0
5813,0.010135135135135136,0.006756756756756757,
5814,0.0,0.0,0.0
5815,0.020958083832335328,0.02694610778443114,
5816,0.0,0.0,0.0
5817,0.0,0.0,0.0
5818,0.008032128514056224,0.0,0.0
5819,0.0,0.0,0.0
5820,0.0,0.0,0.0
5821,0.04905660377358491,0.04150943396226415,
5822,0.0,0.0,0.0
5823,0.003257328990228013,0.0,0.0
5824,0.0,0.0,0.0
5825,0.027874564459930314,0.0,
5826,0.0,0.0,0.0
5827,0.043478260869565216,0.0,0.0036231884057971015
5828,0.0,0.0,0.0
5829,0.003663003663003663,0.0,0.0
5830,0.003389830508474576,0.0,0.0
5831,0.0,0.0,0.0
5832,0.0,0.0,0.0
5833,0.003367003367003367,0.0,0.0
5834,0.0,0.0,
5835,0.003115264797507788,0.0,0.0
5836,0.024615384615384615,0.08923076923076922,
5837,0.0,0.0,0.0
5838,0.0,0.0,0.0
5839,0.1568627450980392,0.016339869281045753,
5840,0.035211267605633804,0.0,0.0
5841,0.017123287671232876,0.0,0.0
5842,0.003745318352059925,0.011235955056179775,
5843,0.0,0.0,0.0
5844,0.0,0.0,0.0
5845,0.01509433962264151,0.06792452830188679,
5846,0.0,0.0,0.0
5847,0.003401360544217687,0.003401360544217687,0.0
5848,0.0,0.0,0.0
5849,0.06181818181818182,0.0,0.0
5850,0.008379888268156424,0.0,0.8240223463687151
5851,0.0,0.0034482758620689655,0.0
5852,0.029239766081871343,0.0,0.7777777777777778
5853,0.006006006006006006,0.0,0.0
5854,0.0,0.012195121951219513,
5855,0.0,0.0,0.0
5856,0.16981132075471697,0.11320754716981132,
5857,0.011799410029498525,0.0,0.4306784660766962
5858,0.007575757575757576,0.011363636363636364,
5859,0.0036231884057971015,0.0,0.0
5860,0.039473684210526314,0.0,0.0
5861,0.0,0.0,0.0
5862,0.0,0.0,0.0
5863,0.04780876494023904,0.0,0.0
5864,0.006825938566552901,0.09556313993174062,
5865,0.036585365853658534,0.0040650406504065045,
5866,0.08,0.03,
5867,0.04597701149425287,0.0,0.0
5868,0.0,0.0,0.0
5869,0.041666666666666664,0.003472222222222222,
5870,0.06825938566552901,0.03754266211604096,
5871,0.003703703703703704,0.0,0.0
5872,0.003952569169960474,0.0,
5873,0.0,0.0,0.0
5874,0.0,0.014577259475218658,
5875,0.0,0.0035460992907801418,
5876,0.1282051282051282,0.004273504273504274,
5877,0.026217228464419477,0.0,0.0
5878,0.0,0.0,0.0
5879,0.04964539007092199,0.01773049645390071,
5880,0.06938775510204082,0.02040816326530612,
5881,0.05791505791505792,0.0,0.0
5882,0.04897959183673469,0.0326530612244898,
5883,0.0,0.0,0.0
5884,0.015810276679841896,0.003952569169960474,
5885,0.0,0.0,0.0
5886,0.014749262536873156,0.035398230088495575,
5887,0.050724637681159424,0.018115942028985508,
5888,0.4595375722543353,0.0,0.0
5889,0.04710144927536232,0.0,
5890,0.0,0.0,0.0
5891,0.0149812734082397,0.0,0.0
5892,0.0,0.0,0.0
5893,0.0421455938697318,0.011494252873563218,
5894,0.0,0.0,0.0
5895,0.013513513513513514,0.0,0.0945945945945946
5896,0.0,0.0,0.0
5897,0.10714285714285714,0.025,
5898,0.0034965034965034965,0.0,0.0
5899,0.0,0.0,0.0
5900,0.025280898876404494,0.03651685393258427,
5901,0.008333333333333333,0.05416666666666667,
5902,0.0,0.0,
5903,0.04013377926421405,0.0,0.0
5904,0.0,0.0,0.0
5905,0.19245283018867926,0.0,0.0
5906,0.0,0.0,0.0
5907,0.08450704225352113,0.04225352112676056,
5908,0.008298755186721992,0.004149377593360996,
5909,0.0,0.0,0.0
5910,0.046875,0.0,
5911,0.09859154929577464,0.07042253521126761,
5912,0.012944983818770227,0.003236245954692557,0.0
5913,0.05555555555555555,0.0,0.0
5914,0.01366120218579235,0.0,0.8333333333333334
5915,0.0,0.0,0.0
5916,0.0,0.0,0.0
5917,0.0038022813688212928,0.0,
5918,0.0830188679245283,0.0,0.0
5919,0.003278688524590164,0.0,0.0
5920,0.015037593984962405,0.0,
5921,0.0,0.0,0.0
5922,0.0084985835694051,0.0,0.7875354107648725
5923,0.0,0.0,
5924,0.0,0.0,0.0
5925,0.030405405405405407,0.0,0.0033783783783783786
5926,0.05555555555555555,0.0,0.0
5927,0.0033003300330033004,0.0,0.0
5928,0.013245033112582781,0.0,0.0
5929,0.0,0.0,
5930,0.0035971223021582736,0.0,0.0
5931,0.007575757575757576,0.0,0.0
5932,0.0,0.0,0.0
5933,0.00847457627118644,0.0,0.8333333333333334
5934,0.0,0.0,0.0
5935,0.025236593059936908,0.0,0.42902208201892744
5936,0.0,0.0,0.0
5937,0.14685314685314685,0.06293706293706294,
5938,0.0,0.0,
5939,0.20577617328519857,0.0036101083032490976,
5940,0.33015873015873015,0.0,0.025396825396825397
5941,0.003968253968253968,0.0,0.0
5942,0.0,0.0,
5943,0.047058823529411764,0.0,0.0
5944,0.0,0.0,0.0
5945,0.07114624505928854,0.0,0.0
5946,0.0,0.0,0.0
5947,0.00749063670411985,0.0,
5948,0.007407407407407408,0.0,0.0
5949,0.01079136690647482,0.0,0.0
5950,0.0165016501650165,0.0,0.0
5951,0.0,0.0,0.0
5952,0.0,0.0,0.0
5953,0.010169491525423728,0.0,0.0
5954,0.0,0.0,0.0
5955,0.014705882352941176,0.0,0.5058823529411764
5956,0.036923076923076927,0.0,0.0
5957,0.1213235294117647,0.07352941176470588,
5958,0.012698412698412698,0.0,0.5523809523809524
5959,0.0,0.0,0.0
5960,0.034782608695652174,0.0,0.7536231884057971
5961,0.0,0.0,0.0
5962,0.0,0.0,0.0
5963,0.0,0.0,0.0
5964,0.0,0.0,0.0
5965,0.038834951456310676,0.0,0.0
5966,0.0,0.0,0.0
5967,0.0,0.0,0.0
5968,0.007017543859649123,0.010526315789473684,
5969,0.0,0.0,0.0
5970,0.09090909090909091,0.0,0.0
5971,0.015105740181268883,0.0,0.8489425981873112
5972,0.04395604395604396,0.0,0.0
5973,0.0,0.013245033112582781,
5974,0.006600660066006601,0.006600660066006601,0.0
5975,0.0,0.0,0.0
5976,0.044715447154471545,0.044715447154471545,
5977,0.054441260744985676,0.008595988538681949,
5978,0.0038022813688212928,0.0,0.011406844106463879
5979,0.0035714285714285713,0.0,0.0
5980,0.0035087719298245615,0.0,0.0
5981,0.04428044280442804,0.0,0.0
5982,0.0,0.0,0.0
5983,0.0,0.0,0.0
5984,0.05517241379310345,0.03103448275862069,
5985,0.02459016393442623,0.0,0.8825136612021858
5986,0.015444015444015444,0.0,0.0
5987,0.0,0.0061162079510703364,
5988,0.04659498207885305,0.0,0.0
5989,0.033962264150943396,0.007547169811320755,
5990,0.0,0.0,0.0
5991,0.003968253968253968,0.0,0.0
5992,0.0,0.0,0.0
5993,0.0,0.0,0.0
5994,0.003875968992248062,0.0,0.0
5995,0.010526315789473684,0.0,
5996,0.0,0.0,0.0
5997,0.06584362139917696,0.0,0.0
5998,0.0,0.0,0.0
5999,0.0038022813688212928,0.0,0.0
6000,0.00425531914893617,0.0,0.0
6001,0.011450381679389313,0.007633587786259542,
6002,0.0,0.0,0.0
6003,0.08408408408408409,0.0,0.3843843843843844
6004,0.011857707509881422,0.0,0.0
6005,0.03900709219858156,0.014184397163120567,
6006,0.006472491909385114,0.006472491909385114,
6007,0.007352941176470588,0.0,
6008,0.0,0.0,0.0
6009,0.028125,0.0,0.425
6010,0.0,0.0,0.0
6011,0.0,0.0,0.0
6012,0.0,0.0,0.0
6013,0.007352941176470588,0.0,
6014,0.061016949152542375,0.020338983050847456,
6015,0.0364741641337386,0.0,0.6899696048632219
6016,0.18493150684931506,0.0136986301369863,
6017,0.0,0.0,0.0
6018,0.0,0.0,0.0
6019,0.006006006006006006,0.0,0.2972972972972973
6020,0.0034482758620689655,0.0,0.0
6021,0.05964912280701754,0.10877192982456141,
6022,0.023166023166023165,0.0,0.0
6023,0.0,0.022641509433962263,
6024,0.0,0.0,0.0
6025,0.0,0.0,0.0
6026,0.03260869565217391,0.0,0.0
6027,0.0,0.0,0.0
6028,0.0035211267605633804,0.0,0.0
6029,0.0035842293906810036,0.014336917562724014,
6030,0.051194539249146756,0.010238907849829351,
6031,0.0,0.0,0.0
6032,0.0,0.0,
6033,0.0,0.0,0.0
6034,0.023529411764705882,0.0,0.0
6035,0.0,0.0,
6036,0.034055727554179564,0.0,0.4613003095975232
6037,0.0036101083032490976,0.032490974729241874,
6038,0.16608996539792387,0.0,0.2837370242214533
6039,0.0,0.0,0.0
6040,0.0,0.0,0.0
6041,0.04878048780487805,0.0,0.0
6042,0.0,0.0,0.0
6043,0.0,0.0,0.0
6044,0.026022304832713755,0.011152416356877323,
6045,0.023622047244094488,0.0,0.0
6046,0.0411522633744856,0.0,
6047,0.0,0.0,0.0
6048,0.0,0.0,0.0
6049,0.0,0.0,0.0
6050,0.007462686567164179,0.0,
6051,0.0,0.0,0.0
6052,0.003875968992248062,0.023255813953488372,
6053,0.006666666666666667,0.0,0.0
6054,0.003389830508474576,0.0,0.0
6055,0.004149377593360996,0.004149377593360996,
6056,0.003952569169960474,0.0,0.0
6057,0.050314465408805034,0.006289308176100629,
6058,0.006688963210702341,0.0,
6059,0.017064846416382253,0.0034129692832764505,
6060,0.0,0.028925619834710745,
6061,0.030405405405405407,0.0033783783783783786,0.0
6062,0.0,0.0,0.0
6063,0.003367003367003367,0.020202020202020204,
6064,0.02510460251046025,0.016736401673640166,
6065,0.01524390243902439,0.003048780487804878,0.5426829268292683
6066,0.0,0.0,
6067,0.0034482758620689655,0.0,0.0
6068,0.1,0.012,
6069,0.1056338028169014,0.007042253521126761,
6070,0.00946372239747634,0.0,0.29652996845425866
6071,0.0,0.0,0.0
6072,0.0299625468164794,0.0,
6073,0.0,0.0,0.0
6074,0.017341040462427744,0.0,0.7023121387283237
6075,0.0,0.0,0.0
6076,0.0,0.0,0.0
6077,0.05014749262536873,0.0,0.25958702064896755
6078,0.04428044280442804,0.0,
6079,0.014652014652014652,0.0,0.0
6080,0.13167259786476868,0.0071174377224199285,
6081,0.007434944237918215,0.0,0.0
6082,0.0,0.0,0.0
6083,0.0,0.0,0.0
6084,0.0,0.0,0.0
6085,0.0231023102310231,0.04950495049504951,
6086,0.0,0.0,0.0
6087,0.028169014084507043,0.0,0.30985915492957744
6088,0.026022304832713755,0.0,0.0
6089,0.0,0.0,0.0
6090,0.0,0.0,0.0
6091,0.050724637681159424,0.0,0.0
6092,0.01646090534979424,0.037037037037037035,
6093,0.0,0.0,0.0
6094,0.003745318352059925,0.0,0.0
6095,0.0037174721189591076,0.0,0.0
6096,0.03103448275862069,0.07586206896551724,
6097,0.0,0.0,
6098,0.02348993288590604,0.006711409395973154,
6099,0.14960629921259844,0.011811023622047244,
6100,0.0636042402826855,0.014134275618374558,
6101,0.0,0.0,0.0
6102,0.003663003663003663,0.014652014652014652,
6103,0.00425531914893617,0.0,0.01276595744680851
6104,0.0,0.0,
6105,0.04281345565749235,0.14067278287461774,
6106,0.0037593984962406013,0.011278195488721804,
6107,0.0,0.0,
6108,0.0,0.0,0.0
6109,0.025454545454545455,0.0,0.0
6110,0.0,0.0,0.0
6111,0.0,0.0,0.0
6112,0.0,0.0,0.0
6113,0.0,0.046263345195729534,
6114,0.0,0.0,0.0
6115,0.0,0.0,0.0
6116,0.0,0.0,0.0
6117,0.1686046511627907,0.0,0.6104651162790697
6118,0.17522658610271905,0.03625377643504532,
6119,0.021352313167259787,0.0,0.298932384341637
6120,0.0036231884057971015,0.0,0.0
6121,0.0,0.0,0.0
6122,0.04838709677419355,0.0,0.0
6123,0.0,0.0,0.0
6124,0.0035587188612099642,0.0,0.0
6125,0.011111111111111112,0.0,0.9111111111111111
6126,0.007518796992481203,0.0,0.011278195488721804
6127,0.03292181069958848,0.0,
6128,0.0,0.0,0.0
6129,0.046875,0.00390625,
6130,0.0,0.0,0.0
6131,0.023346303501945526,0.0,0.0
6132,0.014234875444839857,0.0,0.0
6133,0.0,0.0,0.0
6134,0.0,0.0,
6135,0.0036900369003690036,0.0,0.0
6136,0.007407407407407408,0.0,0.0
6137,0.029045643153526972,0.0,0.0
6138,0.23076923076923078,0.011538461538461539,
6139,0.0,0.06884057971014493,
6140,0.0,0.0,0.0
6141,0.023346303501945526,0.0,0.0
6142,0.0,0.0,0.0
6143,0.0,0.0,0.0
6144,0.0036496350364963502,0.029197080291970802,
6145,0.0,0.0,0.0
6146,0.04059040590405904,0.007380073800738007,
6147,0.0,0.0,0.0
6148,0.0,0.0,0.0
6149,0.028985507246376812,0.0,0.7710144927536232
6150,0.0,0.0,0.0
6151,0.059322033898305086,0.05084745762711865,
6152,0.0,0.0,0.0
6153,0.041666666666666664,0.013888888888888888,
6154,0.0,0.0,0.0
6155,0.004132231404958678,0.004132231404958678,
6156,0.13356164383561644,0.023972602739726026,
6157,0.0,0.0,
6158,0.0,0.0,0.0
6159,0.0035087719298245615,0.0,0.0
6160,0.009584664536741214,0.0,
6161,0.019444444444444445,0.0,0.8222222222222222
6162,0.02258064516129032,0.0,0.0
6163,0.19434628975265017,0.0,
6164,0.0,0.0,0.0
6165,0.011450381679389313,0.07251908396946564,
6166,0.0,0.0,0.0
6167,0.043795620437956206,0.0,0.0
6168,0.09236947791164658,0.01606425702811245,
6169,0.0,0.01937984496124031,
6170,0.0,0.0,0.0
6171,0.0,0.0,0.0
6172,0.0,0.0,
6173,0.0,0.0,0.0
6174,0.0,0.043010752688172046,0.0
6175,0.07196969696969698,0.0,0.0
6176,0.0708955223880597,0.0,0.0
6177,0.0,0.0,0.0
6178,0.0,0.0,0.0
6179,0.0111731843575419,0.0,0.8296089385474861
6180,0.007352941176470588,0.007352941176470588,
6181,0.0,0.0,0.0
6182,0.017191977077363897,0.0,0.0
6183,0.0,0.0,0.0
6184,0.0,0.010526315789473684,
6185,0.004132231404958678,0.0,0.0
6186,0.0,0.0,0.0
6187,0.0,0.0,0.0
6188,0.0,0.0,0.0
6189,0.0,0.0,0.0
6190,0.05668016194331984,0.012145748987854251,
6191,0.0,0.01384083044982699,
6192,0.0,0.0,
6193,0.0738255033557047,0.0,0.0
6194,0.0,0.0,0.0
6195,0.04980842911877394,0.0,0.0
6196,0.0,0.0,0.0
6197,0.055350553505535055,0.0,0.0
6198,0.007246376811594203,0.0,
6199,0.05434782608695652,0.025362318840579712,
6200,0.0,0.0,
6201,0.0,0.0,0.0
6202,0.0,0.0,0.0
6203,0.006872852233676976,0.006872852233676976,
6204,0.0,0.0,0.0
6205,0.0,0.0,0.0
6206,0.0,0.0,0.0
6207,0.11455108359133127,0.058823529411764705,
6208,0.01928374655647383,0.0,0.8760330578512396
6209,0.0,0.0,
6210,0.022641509433962263,0.0,
6211,0.0,0.0,0.0
6212,0.0,0.0,0.0
6213,0.0,0.0,0.0
6214,0.03375527426160337,0.0,0.0
6215,0.1059190031152648,0.003115264797507788,
6216,0.0,0.0,0.0
6217,0.13445378151260504,0.0,0.5518207282913166
6218,0.02880658436213992,0.0,0.0
6219,0.0037593984962406013,0.0,0.0
6220,0.0,0.0,
6221,0.05357142857142857,0.0,0.0
6222,0.0,0.0035971223021582736,0.0
6223,0.0,0.0,0.0
6224,0.029801324503311258,0.0,0.6423841059602649
6225,0.042704626334519574,0.0,0.0
6226,0.06070287539936102,0.0,0.0
6227,0.0,0.0,0.0
6228,0.0,0.034482758620689655,
6229,0.0,0.0,0.0
6230,0.18587360594795538,0.040892193308550186,
6231,0.006734006734006734,0.0,0.0
6232,0.0,0.007874015748031496,
6233,0.0,0.0,0.0
6234,0.0,0.12177121771217712,
6235,0.0,0.0,0.0
6236,0.0,0.0,0.0
6237,0.19367588932806323,0.011857707509881422,
6238,0.0,0.0033222591362126247,
6239,0.003816793893129771,0.0,0.0
6240,0.04285714285714286,0.0,0.0
6241,0.0,0.0,0.0
6242,0.05,0.0,0.0
6243,0.0034482758620689655,0.0,0.013793103448275862
6244,0.0,0.0,0.0
6245,0.003067484662576687,0.0,0.0
6246,0.0,0.0,0.0
6247,0.014184397163120567,0.03546099290780142,
6248,0.0,0.0,0.0
6249,0.21052631578947367,0.04643962848297214,
6250,0.0,0.0,0.0
6251,0.011019283746556474,0.0,0.8402203856749312
6252,0.045112781954887216,0.045112781954887216,
6253,0.007142857142857143,0.010714285714285714,
6254,0.01662049861495845,0.0,0.48753462603878117
6255,0.019390581717451522,0.0,0.8808864265927978
6256,0.13291139240506328,0.00949367088607595,
6257,0.0035842293906810036,0.0,0.0
6258,0.0,0.0,0.0
6259,0.25630252100840334,0.0,0.0
6260,0.0037174721189591076,0.0,0.0
6261,0.01366120218579235,0.0,0.8661202185792349
6262,0.007017543859649123,0.010526315789473684,
6263,0.022556390977443608,0.0,
6264,0.006734006734006734,0.006734006734006734,
6265,0.022058823529411766,0.0,
6266,0.0,0.0,0.0
6267,0.014450867052023121,0.0,0.8034682080924855
6268,0.053497942386831275,0.03292181069958848,
6269,0.0035460992907801418,0.0,0.0
6270,0.0,0.0,0.0
6271,0.003676470588235294,0.0,0.0
6272,0.008032128514056224,0.0,0.0
6273,0.0,0.0,0.0
6274,0.006756756756756757,0.0,0.0
6275,0.039735099337748346,0.0,0.0
6276,0.0,0.0,0.0
6277,0.01107011070110701,0.04059040590405904,
6278,0.007042253521126761,0.0,0.0
6279,0.0,0.0,0.0
6280,0.029850746268656716,0.0029850746268656717,0.7044776119402985
6281,0.0,0.0,0.0
6282,0.0,0.0,0.0
6283,0.32421875,0.0234375,
6284,0.0,0.0,0.0
6285,0.03856749311294766,0.0,0.8402203856749312
6286,0.0,0.0,0.0
6287,0.02867383512544803,0.0,0.0
6288,0.0,0.0,0.0
6289,0.015748031496062992,0.0,0.0
6290,0.019178082191780823,0.0,0.8684931506849315
6291,0.32571428571428573,0.03142857142857143,
6292,0.011450381679389313,0.0,0.0
6293,0.0728744939271255,0.05263157894736842,
6294,0.04040404040404041,0.0,
6295,0.0,0.0,0.0
6296,0.12152777777777778,0.0,
6297,0.0,0.0,
6298,0.003194888178913738,0.003194888178913738,0.0
6299,0.0379746835443038,0.004219409282700422,
6300,0.0,0.0,0.0
6301,0.0,0.0,0.0
6302,0.014367816091954023,0.0,0.7844827586206896
6303,0.25,0.07142857142857142,
6304,0.0,0.0,0.0
6305,0.04778156996587031,0.0,0.0
6306,0.20333333333333334,0.0,0.0
6307,0.0,0.0,0.0
6308,0.017482517482517484,0.0,
6309,0.011111111111111112,0.0,0.8305555555555556
6310,0.003246753246753247,0.0,0.0
6311,0.0,0.0,0.0
6312,0.0,0.00425531914893617,
6313,0.0,0.0,0.0
6314,0.0,0.0,0.0
6315,0.0,0.0,0.0
6316,0.08745247148288973,0.015209125475285171,
6317,0.0,0.0,0.0
6318,0.0036101083032490976,0.0,0.0
6319,0.003048780487804878,0.0,
6320,0.0,0.0,0.0
6321,0.00392156862745098,0.0,0.0
6322,0.012861736334405145,0.03215434083601286,
6323,0.0,0.0,0.0
6324,0.03125,0.0,0.0
6325,0.07509881422924901,0.003952569169960474,
6326,0.007434944237918215,0.0037174721189591076,
6327,0.0,0.0,0.0
6328,0.0,0.0,0.0
6329,0.0,0.0,0.0
6330,0.006042296072507553,0.0,0.25075528700906347
6331,0.0,0.0,0.0
6332,0.007905138339920948,0.0,0.0
6333,0.0,0.06640625,
6334,0.015444015444015444,0.04247104247104247,
6335,0.012244897959183673,0.00816326530612245,
6336,0.06153846153846154,0.006153846153846154,
6337,0.0,0.0,0.0
6338,0.0,0.0,0.0
6339,0.0,0.0,0.0
6340,0.004,0.0,0.0
6341,0.0,0.0,0.0
6342,0.01384083044982699,0.0,
6343,0.0,0.0,0.0
6344,0.003424657534246575,0.0,0.0
6345,0.0,0.0,0.0
6346,0.010714285714285714,0.0,0.0
6347,0.02622950819672131,0.0,0.4459016393442623
6348,0.0,0.0,
6349,0.0,0.0,
6350,0.0,0.0,0.0
6351,0.014760147601476014,0.0,0.0
6352,0.0332409972299169,0.0,0.8808864265927978
6353,0.05223880597014925,0.05970149253731343,
6354,0.0,0.0,0.0
6355,0.0,0.0,0.0
6356,0.0625,0.039473684210526314,
6357,0.006472491909385114,0.0,0.0
6358,0.12956810631229235,0.016611295681063124,
6359,0.0035714285714285713,0.0,0.0
6360,0.025974025974025976,0.0,0.33766233766233766
6361,0.0,0.0,0.0
6362,0.0,0.0,0.0
6363,0.05555555555555555,0.0,
6364,0.1761006289308176,0.08176100628930817,
6365,0.0,0.0,0.0
6366,0.003355704697986577,0.0,0.0
6367,0.01444043321299639,0.021660649819494584,
6368,0.0880281690140845,0.01056338028169014,
6369,0.0,0.0,0.0
6370,0.0,0.0,0.0
6371,0.0,0.0,0.0
6372,0.030534351145038167,0.03816793893129771,
6373,0.0,0.0,0.0
6374,0.04946996466431095,0.007067137809187279,
6375,0.013157894736842105,0.0,0.0
6376,0.32792207792207795,0.01948051948051948,
6377,0.0,0.0,0.0
6378,0.0037735849056603774,0.0,0.0
6379,0.008097165991902834,0.0,0.0
6380,0.0,0.0,0.0
6381,0.08571428571428572,0.004081632653061225,
6382,0.019157088122605363,0.007662835249042145,
6383,0.0,0.0,0.0
6384,0.007352941176470588,0.014705882352941176,
6385,0.007547169811320755,0.0037735849056603774,0.0
6386,0.0034602076124567475,0.0,0.0
6387,0.008152173913043478,0.0,0.8777173913043478
6388,0.0,0.0,0.0
6389,0.07457627118644068,0.0,0.0
6390,0.0,0.0,0.0
6391,0.11952191235059761,0.0,0.0
6392,0.016666666666666666,0.0,
6393,0.0035211267605633804,0.0,0.0
6394,0.0,0.0,0.0
6395,0.06744868035190615,0.04105571847507331,
6396,0.048327137546468404,0.0,0.0
6397,0.003787878787878788,0.0,0.0
6398,0.0,0.0,0.0
6399,0.3561643835616438,0.0,0.0
6400,0.45454545454545453,0.025078369905956112,
6401,0.12411347517730496,0.031914893617021274,
6402,0.0064516129032258064,0.0064516129032258064,
6403,0.05830903790087463,0.008746355685131196,
6404,0.007575757575757576,0.0,0.0
6405,0.12547528517110265,0.030418250950570342,
6406,0.011450381679389313,0.007633587786259542,
6407,0.0035842293906810036,0.0,0.0
6408,0.13513513513513514,0.02027027027027027,
6409,0.09230769230769231,0.0,
6410,0.10294117647058823,0.08455882352941177,
6411,0.0,0.0,0.0
6412,0.047619047619047616,0.003663003663003663,
6413,0.0,0.0,0.0
6414,0.06349206349206349,0.009523809523809525,
6415,0.02631578947368421,0.007518796992481203,
6416,0.025089605734767026,0.0,0.0035842293906810036
6417,0.024305555555555556,0.013888888888888888,
6418,0.0,0.007434944237918215,0.0
6419,0.0,0.0033783783783783786,
6420,0.0,0.0,0.0
6421,0.02622950819672131,0.0,0.34098360655737703
6422,0.01929260450160772,0.0,0.4887459807073955
6423,0.029585798816568046,0.0,0.6982248520710059
6424,0.0,0.0,
6425,0.0,0.0,0.0
6426,0.0,0.0,0.0
6427,0.01020408163265306,0.006802721088435374,
6428,0.0,0.0,0.0
6429,0.0,0.0,0.0
6430,0.028070175438596492,0.03508771929824561,
6431,0.003676470588235294,0.0,0.0
6432,0.0,0.0,0.0
6433,0.043478260869565216,0.0,0.0
6434,0.0,0.0,0.0
6435,0.0,0.03802281368821293,
6436,0.09363295880149813,0.0,0.0
6437,0.0,0.0,0.0
6438,0.0111731843575419,0.0,0.8268156424581006
6439,0.04395604395604396,0.0,0.0
6440,0.0,0.0,
6441,0.0,0.0,0.0
6442,0.0,0.0,0.0
6443,0.05405405405405406,0.0,0.0
6444,0.007905138339920948,0.023715415019762844,
6445,0.0,0.0,0.0
6446,0.0,0.010309278350515464,
6447,0.0,0.0,0.0
6448,0.015503875968992248,0.007751937984496124,
6449,0.0036363636363636364,0.0,
6450,0.0,0.0,0.0
6451,0.019762845849802372,0.0,0.0
6452,0.044673539518900345,0.0,0.0
6453,0.006920415224913495,0.0,0.0
6454,0.015151515151515152,0.0,0.0
6455,0.04710144927536232,0.0,0.0
6456,0.030821917808219176,0.0273972602739726,
6457,0.0,0.0,0.0
6458,0.0,0.0,0.0
6459,0.016891891891891893,0.0033783783783783786,
6460,0.0,0.0,0.0
6461,0.05844155844155844,0.0,0.0
6462,0.02631578947368421,0.0,0.0
6463,0.019011406844106463,0.019011406844106463,
6464,0.0,0.0,0.0
6465,0.0,0.0,0.0
6466,0.019021739130434784,0.0,0.8641304347826086
6467,0.007246376811594203,0.010869565217391304,
6468,0.0036496350364963502,0.06204379562043796,
6469,0.04316546762589928,0.0,
6470,0.0,0.0,0.0
6471,0.02903225806451613,0.0,0.2709677419354839
6472,0.020080321285140562,0.0,
6473,0.015337423312883436,0.0,0.450920245398773
6474,0.0,0.0,0.0
6475,0.0,0.0,0.0
6476,0.0,0.0,0.0
6477,0.043333333333333335,0.0,0.62
6478,0.07518796992481203,0.007518796992481203,
6479,0.007722007722007722,0.003861003861003861,0.0
6480,0.026936026936026935,0.0,0.0
6481,0.026415094339622643,0.0,
6482,0.051194539249146756,0.0,0.0
6483,0.0,0.0,0.0
6484,0.05964912280701754,0.03508771929824561,
6485,0.12027491408934708,0.044673539518900345,
6486,0.0,0.0,0.0
6487,0.0992063492063492,0.05952380952380952,
6488,0.10108303249097472,0.0,0.0
6489,0.0,0.0,0.0
6490,0.0,0.0,0.0
6491,0.006557377049180328,0.0,0.0
6492,0.056451612903225805,0.03225806451612903,
6493,0.0,0.0,0.0
6494,0.08637873754152824,0.0,0.0
6495,0.08650519031141868,0.03460207612456748,
6496,0.015873015873015872,0.015873015873015872,
6497,0.0,0.0,0.0
6498,0.0,0.0,0.0
6499,0.048507462686567165,0.018656716417910446,
6500,0.04316546762589928,0.0,0.0
6501,0.016611295681063124,0.0,0.0
6502,0.0,0.0035842293906810036,
6503,0.0,0.0,0.0
6504,0.0,0.0,0.0
6505,0.0,0.006802721088435374,0.0
6506,0.035398230088495575,0.0,0.7197640117994101
6507,0.0037735849056603774,0.0,0.0
6508,0.1076388888888889,0.04513888888888889,
6509,0.08278145695364239,0.059602649006622516,
6510,0.040268456375838924,0.0,0.0
6511,0.10380622837370242,0.05190311418685121,
6512,0.0,0.0,0.0
6513,0.07692307692307693,0.024475524475524476,
6514,0.0,0.0,0.0
6515,0.0,0.0,0.0
6516,0.0781758957654723,0.0,0.0
6517,0.003861003861003861,0.0,0.0
6518,0.003816793893129771,0.0,
6519,0.0036900369003690036,0.0,0.0
6520,0.0034965034965034965,0.0,0.0
6521,0.0,0.0,0.0
6522,0.0,0.0,0.0
6523,0.01694915254237288,0.0,
6524,0.013927576601671309,0.0,0.7325905292479109
6525,0.0205761316872428,0.0,0.0
6526,0.0,0.0,0.0
6527,0.0436241610738255,0.0,0.28187919463087246
6528,0.019337016574585635,0.0,0.8784530386740331
6529,0.0,0.0,0.0
6530,0.0,0.0,0.0
6531,0.0035460992907801418,0.0,0.0
6532,0.09782608695652174,0.0036231884057971015,
6533,0.02564102564102564,0.0,0.5801282051282052
6534,0.0,0.0,0.0
6535,0.0,0.0,0.0
6536,0.0,0.0,0.0
6537,0.0,0.0,0.0
6538,0.010869565217391304,0.0,0.8016304347826086
6539,0.016286644951140065,0.0,
6540,0.0,0.0038314176245210726,
6541,0.03581267217630854,0.0,0.8402203856749312
6542,0.006688963210702341,0.0,0.0
6543,0.0,0.033003300330033,
6544,0.0,0.0,0.0
6545,0.0,0.0,0.0
6546,0.00392156862745098,0.0,
6547,0.007874015748031496,0.0,0.0
6548,0.0,0.0,0.0
6549,0.006349206349206349,0.022222222222222223,
6550,0.0,0.0,0.0
6551,0.008097165991902834,0.0,0.0
6552,0.0,0.0,0.0
6553,0.0,0.0,
6554,0.024725274725274724,0.0,0.6978021978021978
6555,0.0,0.0,0.0
6556,0.0,0.0,0.0
6557,0.0,0.0,0.0
6558,0.07024793388429752,0.0,0.0
6559,0.0035211267605633804,0.0,0.0
6560,0.15806451612903225,0.025806451612903226,
6561,0.2342857142857143,0.0,0.42857142857142855
6562,0.007462686567164179,0.0037313432835820895,
6563,0.046875,0.05859375,
6564,0.11764705882352941,0.003676470588235294,
6565,0.0,0.0038022813688212928,0.0
6566,0.0,0.0,0.0
6567,0.10248447204968944,0.027950310559006212,
6568,0.0,0.0,0.0
6569,0.0,0.0,0.0
6570,0.0,0.0,0.0
6571,0.025362318840579712,0.010869565217391304,
6572,0.00684931506849315,0.0,0.0
6573,0.08695652173913043,0.0036231884057971015,
6574,0.011811023622047244,0.0,0.0
6575,0.0,0.0,0.0
6576,0.12292358803986711,0.04318936877076412,
6577,0.004132231404958678,0.0,0.0
6578,0.0,0.0,0.0
6579,0.0,0.0,0.0
6580,0.003703703703703704,0.014814814814814815,
6581,0.012307692307692308,0.0,0.4553846153846154
6582,0.0,0.0,0.0
6583,0.0,0.0,0.0
6584,0.08928571428571429,0.025,
6585,0.04482758620689655,0.0,0.0
6586,0.0,0.0,0.0
6587,0.0,0.0,
6588,0.0,0.0,
6589,0.056818181818181816,0.0,0.7556818181818182
6590,0.0037174721189591076,0.0,0.0
6591,0.0,0.0,0.0
6592,0.010169491525423728,0.14915254237288136,
6593,0.0,0.02027027027027027,
6594,0.047619047619047616,0.01020408163265306,
6595,0.0,0.0,0.0
6596,0.0,0.07307692307692308,
6597,0.011152416356877323,0.0,
6598,0.0,0.0,0.0
6599,0.36713286713286714,0.0,
6600,0.0037174721189591076,0.007434944237918215,
6601,0.0231023102310231,0.0033003300330033004,
6602,0.024822695035460994,0.0,0.0
6603,0.0030303030303030303,0.0,0.0
6604,0.003367003367003367,0.003367003367003367,
6605,0.038910505836575876,0.007782101167315175,
6606,0.0,0.0,0.0
6607,0.0,0.0,0.0
6608,0.0,0.0,0.0
6609,0.0,0.0,0.0
6610,0.012145748987854251,0.0,0.0
6611,0.0,0.0,0.0
6612,0.0,0.0,0.0
6613,0.0,0.0,0.0
6614,0.08950617283950617,0.0,0.0030864197530864196
6615,0.012048192771084338,0.0,0.5331325301204819
6616,0.0,0.0,0.0
6617,0.0,0.0,0.0
6618,0.0,0.0,0.0
6619,0.047619047619047616,0.0,0.0
6620,0.007042253521126761,0.0,0.0
6621,0.0,0.0,0.0
6622,0.056179775280898875,0.011235955056179775,
6623,0.007434944237918215,0.011152416356877323,
6624,0.0,0.0,0.0
6625,0.0,0.0,0.0
6626,0.004149377593360996,0.0,
6627,0.004016064257028112,0.008032128514056224,
6628,0.0,0.0,0.0
6629,0.0,0.0,0.0
6630,0.0,0.0,0.0
6631,0.026239067055393587,0.0,0.3965014577259475
6632,0.0034602076124567475,0.0,
6633,0.0,0.0,0.0
6634,0.0,0.0,0.0
6635,0.0035087719298245615,0.0,0.0
6636,0.10163934426229508,0.022950819672131147,
6637,0.0,0.024822695035460994,
6638,0.02681992337164751,0.0,0.0
6639,0.011029411764705883,0.0,0.0
6640,0.0,0.0,
6641,0.0,0.0,0.0
6642,0.0,0.0,0.0
6643,0.0,0.0,0.0
6644,0.04498269896193772,0.0,0.0
6645,0.24666666666666667,0.06333333333333334,
6646,0.0,0.0,0.0
6647,0.0,0.0,0.0
6648,0.02717391304347826,0.0,0.8641304347826086
6649,0.0,0.0,0.0
6650,0.0,0.0,
6651,0.01020408163265306,0.03741496598639456,
6652,0.015503875968992248,0.0,0.0
6653,0.0,0.0,0.0
6654,0.0,0.0,0.0
6655,0.032490974729241874,0.018050541516245487,
6656,0.003472222222222222,0.003472222222222222,
6657,0.016260162601626018,0.0,0.0
6658,0.0,0.0,0.0
6659,0.0,0.0,0.0
6660,0.01694915254237288,0.010169491525423728,
6661,0.0,0.0,0.0
6662,0.0034482758620689655,0.03793103448275862,
6663,0.02181818181818182,0.0,
6664,0.0,0.0,
6665,0.0,0.0,0.0
6666,0.017543859649122806,0.0,0.0
6667,0.0,0.0,0.0
6668,0.0,0.0,
6669,0.0036231884057971015,0.0036231884057971015,
6670,0.0,0.0,0.0
6671,0.010452961672473868,0.0,0.0
6672,0.0,0.0,0.0
6673,0.00816326530612245,0.036734693877551024,
6674,0.0,0.0,0.0
6675,0.050724637681159424,0.0036231884057971015,
6676,0.028070175438596492,0.0,0.47719298245614034
6677,0.013774104683195593,0.0,0.9090909090909091
6678,0.03551912568306011,0.0,0.8333333333333334
6679,0.003355704697986577,0.0,0.0
6680,0.0,0.0,0.0
6681,0.015723270440251572,0.0,0.0
6682,0.0,0.0,0.0
6683,0.0,0.007692307692307693,
6684,0.07604562737642585,0.0,0.0
6685,0.013377926421404682,0.030100334448160536,
6686,0.0033222591362126247,0.0,0.0
6687,0.0313588850174216,0.0,
6688,0.028070175438596492,0.0,
6689,0.0,0.007194244604316547,
6690,0.039603960396039604,0.0,0.0
6691,0.055944055944055944,0.06643356643356643,
6692,0.0,0.0,0.0
6693,0.003424657534246575,0.0,0.0
6694,0.0,0.0,0.0
6695,0.006309148264984227,0.0,0.0
6696,0.003436426116838488,0.0,0.0
6697,0.0,0.0,0.0
6698,0.0,0.0,0.0
6699,0.0035971223021582736,0.0,0.0
6700,0.006666666666666667,0.0,0.0
6701,0.05521472392638037,0.0,0.46319018404907975
6702,0.010526315789473684,0.0,0.0
6703,0.0038022813688212928,0.0,0.0
6704,0.02390438247011952,0.0,0.0
6705,0.02631578947368421,0.013157894736842105,
6706,0.10469314079422383,0.039711191335740074,
6707,0.0,0.003367003367003367,0.0
6708,0.0,0.0,0.0
6709,0.026119402985074626,0.0,
6710,0.03982300884955752,0.004424778761061947,
6711,0.16226415094339622,0.01509433962264151,
6712,0.0,0.0,0.0
6713,0.0,0.007067137809187279,0.0
6714,0.019943019943019943,0.0,0.8062678062678063
6715,0.007462686567164179,0.011194029850746268,
6716,0.05791505791505792,0.0,0.0
6717,0.003703703703703704,0.0,0.0
6718,0.0036900369003690036,0.09225092250922509,
6719,0.23897058823529413,0.03676470588235294,
6720,0.045454545454545456,0.030303030303030304,
6721,0.05343511450381679,0.003816793893129771,
6722,0.09830508474576272,0.013559322033898305,
6723,0.07692307692307693,0.042735042735042736,
6724,0.0,0.0,0.0
6725,0.011396011396011397,0.0,0.6923076923076923
6726,0.004032258064516129,0.0,0.0
6727,0.007633587786259542,0.0,0.0
6728,0.003745318352059925,0.0,0.0
6729,0.003703703703703704,0.0,0.0
6730,0.06752411575562701,0.0,0.43729903536977494
6731,0.010416666666666666,0.0,
6732,0.0,0.0,0.0
6733,0.0056657223796034,0.0,0.0
6734,0.0,0.0,0.0
6735,0.0,0.03202846975088968,
6736,0.0,0.003875968992248062,0.0
6737,0.0,0.003703703703703704,0.0
6738,0.04230769230769231,0.007692307692307693,
6739,0.029197080291970802,0.0,
6740,0.0,0.0,0.0
6741,0.011661807580174927,0.0,0.4402332361516035
6742,0.0035587188612099642,0.0,0.0
6743,0.008032128514056224,0.0,0.0
6744,0.040268456375838924,0.0,0.0
6745,0.0038314176245210726,0.022988505747126436,0.0
6746,0.0,0.0,0.0
6747,0.003246753246753247,0.00974025974025974,
6748,0.011527377521613832,0.0,0.7636887608069164
6749,0.5355029585798816,0.047337278106508875,
6750,0.026022304832713755,0.055762081784386616,
6751,0.03765690376569038,0.0,0.0
6752,0.00398406374501992,0.0,0.0
6753,0.010869565217391304,0.0,0.7989130434782609
6754,0.0,0.0,0.0
6755,0.0,0.0,0.0
6756,0.0,0.0,0.0
6757,0.028938906752411574,0.0,0.003215434083601286
6758,0.0,0.0,0.0
6759,0.0,0.003875968992248062,0.0
6760,0.0,0.0,0.0
6761,0.04332129963898917,0.02527075812274368,
6762,0.04482758620689655,0.0,0.0
6763,0.06493506493506493,0.00974025974025974,
6764,0.004081632653061225,0.0,0.0
6765,0.02932551319648094,0.0,0.7800586510263929
6766,0.12156862745098039,0.0,0.0
6767,0.0,0.0,0.0
6768,0.006944444444444444,0.0,0.0
6769,0.0,0.0,
6770,0.0,0.0,0.0
6771,0.0037313432835820895,0.018656716417910446,
6772,0.01773049645390071,0.0,0.0
6773,0.02197802197802198,0.02197802197802198,
6774,0.0,0.0,0.0
6775,0.046875,0.0,0.0
6776,0.0,0.0,0.0
6777,0.061016949152542375,0.013559322033898305,
6778,0.0,0.0,0.0
6779,0.0,0.0,0.0
6780,0.006920415224913495,0.0,0.0
6781,0.011235955056179775,0.003745318352059925,
6782,0.0,0.003787878787878788,
6783,0.0,0.0,
6784,0.047058823529411764,0.0,0.0
6785,0.0,0.0,0.0
6786,0.0,0.0,0.0
6787,0.003703703703703704,0.0,0.0
6788,0.037162162162162164,0.013513513513513514,
6789,0.017543859649122806,0.0,0.0
6790,0.0,0.0,0.0
6791,0.020618556701030927,0.003436426116838488,
6792,0.029900332225913623,0.0,0.0
6793,0.0,0.0,0.0
6794,0.03003003003003003,0.0,0.003003003003003003
6795,0.0,0.0,0.0
6796,0.02197802197802198,0.01098901098901099,
6797,0.0,0.0,0.0
6798,0.05426356589147287,0.0,0.0
6799,0.011152416356877323,0.0,0.0
6800,0.0,0.0,0.0
6801,0.0,0.0,0.0
6802,0.003424657534246575,0.0,0.0
6803,0.0071174377224199285,0.08185053380782918,
6804,0.014925373134328358,0.0,0.8328358208955224
6805,0.015625,0.02734375,
6806,0.0,0.0,0.0
6807,0.0037174721189591076,0.0,0.0
6808,0.0,0.0,0.0
6809,0.0,0.0,0.0
6810,0.00411522633744856,0.0,0.0
6811,0.0,0.0,0.0
6812,0.0,0.024822695035460994,
6813,0.004219409282700422,0.02109704641350211,
6814,0.008174386920980926,0.0,0.7683923705722071
6815,0.025735294117647058,0.0,0.0
6816,0.0035335689045936395,0.0,
6817,0.010899182561307902,0.0,0.7574931880108992
6818,0.2388663967611336,0.004048582995951417,
6819,0.047619047619047616,0.0,0.0
6820,0.0,0.0,0.0
6821,0.007042253521126761,0.01056338028169014,
6822,0.006211180124223602,0.009316770186335404,
6823,0.023255813953488372,0.0,0.0
6824,0.0,0.0,0.0
6825,0.0,0.0,0.0
6826,0.18421052631578946,0.04887218045112782,
6827,0.0,0.0,0.0
6828,0.0,0.0,0.0
6829,0.0,0.0,0.0
6830,0.0,0.0,0.0
6831,0.0,0.0,0.0
6832,0.0,0.0,0.0
6833,0.0033222591362126247,0.0,0.0
6834,0.019011406844106463,0.015209125475285171,
6835,0.24092409240924093,0.0,
6836,0.0,0.0,0.0
6837,0.0,0.0,0.0
6838,0.1588235294117647,0.03529411764705882,
6839,0.25384615384615383,0.0038461538461538464,
6840,0.003663003663003663,0.007326007326007326,
6841,0.08960573476702509,0.0,0.0
6842,0.0,0.0,0.0
6843,0.0,0.0,0.0
6844,0.0,0.0,0.0
6845,0.010869565217391304,0.0,0.8913043478260869
6846,0.0,0.0,0.0
6847,0.0,0.0,0.0
6848,0.047244094488188976,0.0,0.0
6849,0.0,0.003257328990228013,
6850,0.0,0.0,0.0
6851,0.23552123552123552,0.011583011583011582,
6852,0.003968253968253968,0.0,0.0
6853,0.11619718309859155,0.03873239436619718,
6854,0.0,0.0,0.0
6855,0.0038910505836575876,0.0,0.0
6856,0.0,0.0,0.0
6857,0.0,0.0,0.0
6858,0.014285714285714285,0.0,0.0
6859,0.0,0.0,0.0
6860,0.0,0.0,0.0
6861,0.0,0.0,0.0
6862,0.06343283582089553,0.05223880597014925,
6863,0.0,0.0,0.0
6864,0.003355704697986577,0.0,0.0
6865,0.0037174721189591076,0.0,0.0
6866,0.0,0.0,0.0
6867,0.0,0.0,0.0
6868,0.0,0.0,0.0
6869,0.0,0.0,0.0
6870,0.0,0.0,0.0
6871,0.0,0.0,0.0
6872,0.0,0.0,0.0
6873,0.026845637583892617,0.010067114093959731,
6874,0.01593625498007968,0.0,
6875,0.21492537313432836,0.0,0.0
6876,0.0,0.0,0.0
6877,0.0,0.0,0.0
6878,0.0,0.0,0.0
6879,0.0,0.0,0.0
6880,0.015444015444015444,0.0,0.0
6881,0.0,0.0,0.0
6882,0.012269938650306749,0.0,0.6656441717791411
6883,0.0,0.0,0.0
6884,0.0035211267605633804,0.0,0.0
6885,0.03308823529411765,0.029411764705882353,
6886,0.045774647887323945,0.0,0.0
6887,0.048507462686567165,0.0,0.0
6888,0.0033003300330033004,0.0,0.0
6889,0.0625,0.011029411764705883,
6890,0.07279693486590039,0.04980842911877394,
6891,0.019390581717451522,0.0,0.8808864265927978
6892,0.10227272727272728,0.03409090909090909,
6893,0.013812154696132596,0.0,0.8232044198895028
6894,0.022988505747126436,0.019157088122605363,
6895,0.019083969465648856,0.0,0.0
6896,0.0,0.008064516129032258,
6897,0.0,0.0,0.0
6898,0.016778523489932886,0.0,0.0
6899,0.0,0.0,0.0
6900,0.003134796238244514,0.0,0.0
6901,0.0,0.0,0.0
6902,0.0,0.0,0.0
6903,0.003937007874015748,0.0,0.0
6904,0.0,0.0,0.0
6905,0.22525597269624573,0.027303754266211604,
6906,0.0,0.0,0.0
6907,0.0,0.0,0.0
6908,0.011029411764705883,0.003676470588235294,
6909,0.011494252873563218,0.0,0.42528735632183906
6910,0.0036231884057971015,0.0,0.0
6911,0.00749063670411985,0.0,0.0
6912,0.008620689655172414,0.0,0.7988505747126436
6913,0.006472491909385114,0.0,
6914,0.0,0.0,0.0
6915,0.049429657794676805,0.0,0.0
6916,0.034129692832764506,0.020477815699658702,
6917,0.0,0.0,0.0
6918,0.0036900369003690036,0.0,0.0
6919,0.0,0.0,
6920,0.016611295681063124,0.0,0.584717607973422
6921,0.05338078291814947,0.0071174377224199285,0.0
6922,0.008097165991902834,0.0,0.0
6923,0.0,0.014035087719298246,0.0
6924,0.03257328990228013,0.0,0.6840390879478827
6925,0.012658227848101266,0.004219409282700422,
6926,0.0033112582781456954,0.029801324503311258,
6927,0.02702702702702703,0.0,0.0
6928,0.0,0.04225352112676056,
6929,0.0036231884057971015,0.0,0.0
6930,0.003875968992248062,0.003875968992248062,0.0
6931,0.0,0.0,0.0
6932,0.025423728813559324,0.00847457627118644,
6933,0.01607717041800643,0.0,0.0
6934,0.03237410071942446,0.0,0.0
6935,0.0,0.0,0.0
6936,0.026578073089700997,0.0,0.5049833887043189
6937,0.04195804195804196,0.0,
6938,0.05653710247349823,0.0,0.0
6939,0.0,0.027237354085603113,
6940,0.0,0.0,0.0
6941,0.04428044280442804,0.01107011070110701,
6942,0.024475524475524476,0.006993006993006993,
6943,0.0,0.0,0.0
6944,0.0037313432835820895,0.0,0.0
6945,0.0,0.0,0.0
6946,0.0036363636363636364,0.0,0.0
6947,0.0,0.0,0.0
6948,0.04827586206896552,0.07241379310344828,
6949,0.0,0.0,0.0
6950,0.0,0.007246376811594203,
6951,0.08300395256916997,0.0,0.0
6952,0.0,0.0,0.0
6953,0.0,0.0,0.0
6954,0.003424657534246575,0.0,0.0
6955,0.00816326530612245,0.0,0.0
6956,0.0,0.0,0.0
6957,0.0034965034965034965,0.0,0.0
6958,0.003745318352059925,0.0,0.0
6959,0.0,0.0,0.0
6960,0.005952380952380952,0.0,0.0
6961,0.030418250950570342,0.0076045627376425855,
6962,0.015105740181268883,0.0,0.540785498489426
6963,0.0,0.003401360544217687,0.0
6964,0.016778523489932886,0.0,0.09395973154362416
6965,0.0,0.0,0.0
6966,0.014760147601476014,0.05904059040590406,
6967,0.3741721854304636,0.0,0.0
6968,0.00398406374501992,0.0,0.0
6969,0.0,0.0,0.0
6970,0.0,0.0,
6971,0.0,0.0,0.0
6972,0.08875739644970414,0.0,0.0
6973,0.056291390728476824,0.006622516556291391,
6974,0.00847457627118644,0.0,0.8333333333333334
6975,0.0,0.0,0.0
6976,0.0,0.0,0.0
6977,0.0,0.0,0.0
6978,0.0,0.0,0.0
6979,0.008547008547008548,0.0,0.43304843304843305
6980,0.0,0.0,0.0
6981,0.0,0.0,0.0
6982,0.0,0.0,0.0
6983,0.012422360248447204,0.0,0.6739130434782609
6984,0.045774647887323945,0.0,0.0
6985,0.0,0.0,0.0
6986,0.021148036253776436,0.0,0.6072507552870091
6987,0.0,0.004132231404958678,0.0
6988,0.028985507246376812,0.0,0.0
6989,0.0,0.0,0.0
6990,0.0,0.0,0.0
6991,0.003424657534246575,0.0,0.0
6992,0.0,0.0,0.0
6993,0.07260726072607261,0.0,0.0
6994,0.0,0.0,0.0
6995,0.004132231404958678,0.0,
6996,0.04411764705882353,0.0,0.0
6997,0.2508710801393728,0.0,0.0
6998,0.05058365758754864,0.0038910505836575876,
6999,0.04597701149425287,0.0,
7000,0.0,0.0,0.0
7001,0.018518518518518517,0.0,0.5524691358024691
7002,0.015723270440251572,0.0,0.2641509433962264
7003,0.0,0.0,0.0
7004,0.0,0.0,0.0
7005,0.003389830508474576,0.006779661016949152,
7006,0.0,0.0,0.0
7007,0.0,0.0,0.0
7008,0.0,0.0,0.0
7009,0.0,0.0,0.0
7010,0.0,0.0035460992907801418,0.0
7011,0.006825938566552901,0.0,0.0
7012,0.3122923588039867,0.046511627906976744,
7013,0.0,0.0,0.0
7014,0.019230769230769232,0.0,0.7774725274725275
7015,0.0,0.0,0.0
7016,0.0,0.0,0.0
7017,0.0,0.0,0.0
7018,0.06882591093117409,0.0,0.0
7019,0.022508038585209004,0.0,0.27009646302250806
7020,0.14453125,0.0078125,
7021,0.01276595744680851,0.0,0.0
7022,0.0,0.0,0.0
7023,0.0036900369003690036,0.0036900369003690036,
7024,0.0,0.0,0.0
7025,0.042105263157894736,0.0,0.0
7026,0.012779552715654952,0.0,0.0
7027,0.0,0.0,0.0
7028,0.003861003861003861,0.0,0.0
7029,0.05,0.05384615384615385,
7030,0.0,0.0,0.0
7031,0.0037174721189591076,0.0037174721189591076,
7032,0.013774104683195593,0.0,0.8319559228650137
7033,0.0,0.0,0.0
7034,0.04013377926421405,0.0,0.0
7035,0.027972027972027972,0.01048951048951049,
7036,0.016556291390728478,0.0,0.0
7037,0.004310344827586207,0.004310344827586207,
7038,0.0,0.0,0.0
7039,0.020761245674740483,0.0,0.0
7040,0.0,0.0,0.0
7041,0.0,0.0,0.0
7042,0.04363636363636364,0.014545454545454545,
7043,0.0,0.0,0.0
7044,0.02564102564102564,0.0,0.0
7045,0.0,0.0,0.0
7046,0.007633587786259542,0.0,0.0
7047,0.008645533141210375,0.0,0.8501440922190202
7048,0.03551912568306011,0.0,0.8333333333333334
7049,0.0,0.00784313725490196,
7050,0.0299625468164794,0.0,0.0
7051,0.0,0.0,0.0
7052,0.0,0.0,0.0
7053,0.03383458646616541,0.022556390977443608,
7054,0.03759398496240601,0.06390977443609022,
7055,0.03333333333333333,0.011111111111111112,
7056,0.0037735849056603774,0.0,0.0
7057,0.014925373134328358,0.0,0.8328358208955224
7058,0.0,0.0,0.0
7059,0.0,0.0,0.0
7060,0.020202020202020204,0.026936026936026935,
7061,0.019886363636363636,0.0,0.5710227272727273
7062,0.003745318352059925,0.0,0.0
7063,0.04780876494023904,0.0,0.0
7064,0.13284132841328414,0.025830258302583026,
7065,0.0,0.0,0.0
7066,0.0,0.0,0.0
7067,0.0,0.0,0.0
7068,0.0037313432835820895,0.0,0.0
7069,0.0,0.0,0.0
7070,0.0,0.0031446540880503146,0.0
7071,0.0,0.0,0.0
7072,0.022388059701492536,0.0037313432835820895,
7073,0.01048951048951049,0.01048951048951049,
7074,0.049689440993788817,0.07142857142857142,
7075,0.00684931506849315,0.0,
7076,0.36792452830188677,0.0,0.0031446540880503146
7077,0.006920415224913495,0.0034602076124567475,
7078,0.0873015873015873,0.003968253968253968,
7079,0.0,0.0,0.0
7080,0.02348993288590604,0.0,0.0
7081,0.0,0.0036363636363636364,
7082,0.0,0.011194029850746268,
7083,0.0,0.0,0.0
7084,0.0034482758620689655,0.010344827586206896,
7085,0.006944444444444444,0.003472222222222222,
7086,0.007246376811594203,0.0,0.0
7087,0.0,0.0,0.0
7088,0.0078125,0.0,0.0
7089,0.07482993197278912,0.017006802721088437,
7090,0.16981132075471697,0.006289308176100629,
7091,0.0,0.0,0.0
7092,0.0,0.0,0.0
7093,0.0035714285714285713,0.0,0.0
7094,0.0,0.0,0.0
7095,0.0036231884057971015,0.0,0.0
7096,0.05647840531561462,0.0,0.3222591362126246
7097,0.0,0.0,0.0
7098,0.03205128205128205,0.01282051282051282,
7099,0.03858520900321544,0.003215434083601286,0.0
7100,0.0,0.003401360544217687,0.0
7101,0.009523809523809525,0.0,0.42857142857142855
7102,0.023054755043227664,0.0,0.0
7103,0.045112781954887216,0.0,0.0
7104,0.0,0.0,0.0
7105,0.005970149253731343,0.0,0.0
7106,0.03007518796992481,0.02631578947368421,
7107,0.05226480836236934,0.013937282229965157,
7108,0.021352313167259787,0.0,0.0
7109,0.0,0.0,0.0
7110,0.03018867924528302,0.0037735849056603774,0.0
7111,0.0,0.0,0.0
7112,0.0038314176245210726,0.0038314176245210726,
7113,0.17627118644067796,0.030508474576271188,
7114,0.0031847133757961785,0.0,0.0
7115,0.013071895424836602,0.0,0.31699346405228757
7116,0.05405405405405406,0.04247104247104247,
7117,0.0313588850174216,0.0,0.1289198606271777
7118,0.0,0.0,0.0
7119,0.0035714285714285713,0.0,0.0
7120,0.010869565217391304,0.0,0.0
7121,0.0,0.0,0.0
7122,0.0,0.0,0.0
7123,0.07857142857142857,0.0,0.0
7124,0.02356902356902357,0.07407407407407407,
7125,0.0,0.0,0.0
7126,0.0,0.0,0.0
7127,0.0,0.0,0.0
7128,0.0,0.0,0.0
7129,0.0,0.0,0.0
7130,0.0,0.0,0.0
7131,0.0,0.0,0.0
7132,0.0038314176245210726,0.0,0.0
7133,0.01171875,0.01171875,
7134,0.04669260700389105,0.0,0.0
7135,0.0,0.0,0.0
7136,0.0,0.0,0.0
7137,0.0,0.0,0.0
7138,0.0,0.0,0.0
7139,0.0,0.010238907849829351,
7140,0.0,0.0,0.0
7141,0.0113314447592068,0.0,0.6147308781869688
7142,0.003472222222222222,0.0,0.0
7143,0.0,0.04428044280442804,0.0
7144,0.0,0.0,0.0
7145,0.0,0.0,0.0
7146,0.0,0.0,0.0
7147,0.027972027972027972,0.0,0.0
7148,0.0,0.0,0.0
7149,0.0,0.0,0.0
7150,0.003745318352059925,0.0149812734082397,
7151,0.0,0.0,0.0
7152,0.007751937984496124,0.0,0.0
7153,0.056818181818181816,0.0,0.0
7154,0.014124293785310734,0.0,0.788135593220339
7155,0.04285714285714286,0.0,0.0
7156,0.030211480362537766,0.0,0.6344410876132931
7157,0.017595307917888565,0.0,0.501466275659824
7158,0.0,0.0,0.0
7159,0.006430868167202572,0.0,0.012861736334405145
7160,0.04363636363636364,0.0,0.0
7161,0.0,0.0,0.0
7162,0.0,0.0,0.0
7163,0.0,0.0,0.0
7164,0.0,0.0,0.0
7165,0.036011080332409975,0.0,0.8448753462603878
7166,0.10631229235880399,0.023255813953488372,
7167,0.07241379310344828,0.027586206896551724,
7168,0.003745318352059925,0.0,0.0
7169,0.0,0.0,0.0
7170,0.0,0.0,0.0
7171,0.047619047619047616,0.0,0.0
7172,0.0036363636363636364,0.0,0.0
7173,0.0,0.019543973941368076,
7174,0.046511627906976744,0.031007751937984496,
7175,0.028070175438596492,0.0,0.29473684210526313
7176,0.008356545961002786,0.0,0.8245125348189415
7177,0.003436426116838488,0.0,0.0
7178,0.03773584905660377,0.04716981132075472,
7179,0.029508196721311476,0.029508196721311476,
7180,0.045936395759717315,0.0035335689045936395,
7181,0.006230529595015576,0.0,0.2585669781931464
7182,0.08438818565400844,0.004219409282700422,
7183,0.0,0.0,0.0
7184,0.1038961038961039,0.0,0.08766233766233766
7185,0.02456140350877193,0.0035087719298245615,
7186,0.03468208092485549,0.0,0.0
7187,0.014124293785310734,0.0,0.7711864406779662
7188,0.0,0.0,0.0
7189,0.008595988538681949,0.0,0.8452722063037249
7190,0.010752688172043012,0.0,0.34767025089605735
7191,0.010416666666666666,0.0,0.0
7192,0.0,0.03663003663003663,
7193,0.11636363636363636,0.007272727272727273,
7194,0.0031545741324921135,0.0,0.0
7195,0.0,0.0,0.0
7196,0.0,0.0,0.0
7197,0.06910569105691057,0.008130081300813009,
7198,0.047619047619047616,0.0,0.0
7199,0.09125475285171103,0.0076045627376425855,
7200,0.1625441696113074,0.01060070671378092,
7201,0.034482758620689655,0.0,
7202,0.010526315789473684,0.0,0.0
7203,0.0,0.0,0.0
7204,0.04375,0.0,0.4
7205,0.019021739130434784,0.0,0.8641304347826086
7206,0.023178807947019868,0.0,0.10596026490066225
7207,0.027472527472527472,0.0,0.7307692307692307
7208,0.0,0.0,0.0
7209,0.00819672131147541,0.00819672131147541,
7210,0.0,0.0,0.0
7211,0.0,0.0,0.0
7212,0.0,0.0,0.0
7213,0.0,0.0,0.0
7214,0.13120567375886524,0.07446808510638298,
7215,0.02952029520295203,0.0,
7216,0.0125,0.0,0.0
7217,0.004166666666666667,0.0,0.0
7218,0.0,0.0,0.0
7219,0.0036231884057971015,0.018115942028985508,
7220,0.04979253112033195,0.0,0.0
7221,0.0,0.0,0.0
7222,0.022364217252396165,0.0,0.48562300319488816
7223,0.029940119760479042,0.0,0.7065868263473054
7224,0.0,0.0,0.0
7225,0.15298507462686567,0.029850746268656716,
7226,0.0,0.0,0.0
7227,0.0,0.0,0.0
7228,0.06854838709677419,0.0,0.0
7229,0.0,0.0,0.0
7230,0.0,0.0,0.0
7231,0.0,0.0,0.0
7232,0.2282958199356913,0.05466237942122187,
7233,0.05154639175257732,0.0,0.0
7234,0.0,0.0,0.0
7235,0.0035842293906810036,0.0,0.0
7236,0.0,0.0,0.0
7237,0.0,0.0,0.0
7238,0.0,0.0,0.0
7239,0.010948905109489052,0.0,0.0
7240,0.0,0.0,0.0
7241,0.007462686567164179,0.0,0.0
7242,0.0,0.0,0.0
7243,0.003663003663003663,0.0,0.0
7244,0.07630522088353414,0.0,0.0
7245,0.011811023622047244,0.007874015748031496,
7246,0.06504065040650407,0.02032520325203252,
7247,0.0,0.0,0.0
7248,0.0030120481927710845,0.0,0.0
7249,0.0,0.0,0.0
7250,0.015432098765432098,0.0,0.0
7251,0.01171875,0.0,0.0
7252,0.0,0.0,0.0
7253,0.015151515151515152,0.0,0.296969696969697
7254,0.0,0.0,0.0
7255,0.0,0.0,0.0
7256,0.0,0.0,0.0
7257,0.11811023622047244,0.0,0.0
7258,0.0,0.0,0.0
7259,0.0,0.0,0.0
7260,0.0,0.0,0.0
7261,0.023076923076923078,0.0038461538461538464,
7262,0.010238907849829351,0.006825938566552901,
7263,0.0,0.0,0.0
7264,0.015748031496062992,0.0,0.0
7265,0.01079136690647482,0.0,0.0
7266,0.028985507246376812,0.0,0.7710144927536232
7267,0.11418685121107267,0.04844290657439446,
7268,0.08480565371024736,0.09540636042402827,
7269,0.0,0.0,0.0
7270,0.0036363636363636364,0.0036363636363636364,
7271,0.0,0.0,0.0
7272,0.008152173913043478,0.0,0.8994565217391305
7273,0.0,0.0,0.0
7274,0.017421602787456445,0.003484320557491289,0.003484320557491289
7275,0.004132231404958678,0.0,0.0
7276,0.0,0.0,0.0
7277,0.0,0.0,0.0
